Date,Open,High,Low,Close,Volume,Daily_Return,MA_7,MA_30,BB_Middle,BB_Upper,BB_Lower,Volatility_30,Cumulative_Return,Daily_Return_Outlier
2025-05-13,158.24131128306263,160.0151746711756,155.62040930962155,158.978759765625,42382100,,158.978759765625,158.978759765625,158.978759765625,,,,0.0,False
2025-05-14,159.4072742222668,166.4229412214118,159.0584775444673,164.79856872558594,48755900,0.03660746233358969,161.88866424560547,161.88866424560547,161.88866424560547,170.11911700720268,153.65821148400826,,0.03660746233358969,False
2025-05-15,165.26694125278715,165.6356730691148,161.80893051621783,163.39344787597656,33146700,-0.008526292797779722,162.3902587890625,162.3902587890625,162.3902587890625,168.46391842413854,156.31659915398646,,0.02776904359337018,False
2025-05-16,167.15039440077075,168.76480673115492,165.04768502743337,165.61572265625,42846900,0.013600758225998488,163.19662475585938,163.19662475585938,163.19662475585938,169.11240969112933,157.28083982058942,,0.041747481867449254,False
2025-05-19,163.9415089419112,166.06415331734098,163.65251776508842,165.96449279785156,30426100,0.0021058999472258755,163.7501983642578,163.7501983642578,163.7501983642578,169.4402122788788,158.06018444963684,,0.0439412978345366,False
2025-05-20,165.8548915457752,167.91774593119885,162.337090725838,163.41336059570312,46607700,-0.015371554235132479,163.69405873616537,163.69405873616537,163.69405873616537,168.7907877329908,158.59732973933995,,0.02789429755657835,False
2025-05-21,163.12438701474937,172.54173038625467,162.99483135159699,167.97755432128906,73416000,0.027930358380414688,164.30598667689733,164.30598667689733,164.30598667689733,169.97449335144495,158.63748000234972,,0.05660375366451831,False
2025-05-22,171.25618084668935,176.15917803179707,170.12012070875053,170.27955627441406,74864400,0.013704223534068083,165.9203861781529,165.0526828765869,165.0526828765869,171.7894071292365,158.31595862393732,,0.07108368769167228,False
2025-05-23,168.47582079984258,169.37272002705043,167.30986548992928,167.8878631591797,35211400,-0.01404568562170816,166.36171395438058,165.36770290798611,165.36770290798611,171.94669038903416,158.78871542693807,,0.05603958293981526,False
2025-05-27,169.5720138436325,172.5716072803838,169.41256307598843,172.3025360107422,37995700,0.0262953662551344,167.63444083077567,166.06118621826172,166.06118621826172,173.65793615778912,158.46443627873433,,0.08380853055313708,False
2025-05-28,172.56165823831284,174.66436785084326,171.31597754856884,171.76441955566406,34784000,-0.0031230907422312715,168.51282610212053,166.57966197620738,166.57966197620738,174.56511760433162,158.59420634808313,0.2935706021663121,0.08042369816501527,False
2025-05-29,173.3987639368741,173.81731085268368,170.0404134323131,171.2661590576172,29317300,-0.002900836502319981,169.27020699637276,166.9702033996582,166.9702033996582,175.0505215217653,158.88988527755112,0.2832783921396489,0.07728956566340672,False
2025-05-30,170.75790891590938,171.61493780799663,166.86141620850907,171.1465606689453,52639900,-0.0006983188583778999,170.3749498639788,167.29146165114182,167.29146165114182,175.3671867668114,159.21573653547225,0.2723506413139134,0.0765372740437702,False
2025-06-02,167.26003241267054,169.28301661805224,166.81159040962694,168.4459228515625,38612300,-0.015779679164028004,170.44185965401786,167.3739231654576,167.3739231654576,175.15732938986642,159.59051694104878,0.278284604329348,0.059549861251242175,False
2025-06-03,166.91124474262,167.89781407143477,164.70887469424017,165.6057586669922,45084900,-0.016860985035969778,169.774174281529,167.25604553222655,167.25604553222655,174.8116975155043,159.7003935489488,0.2824455109299413,0.0416848068958211,False
2025-06-04,166.1638436483944,167.63872532387313,165.78515185366567,167.4693145751953,26900800,0.011252965616675548,169.7143816266741,167.2693748474121,167.2693748474121,174.56960699126117,159.96914270356305,0.27423164466554717,0.05340685021123304,False
2025-06-05,169.75139851627495,170.33935616350743,167.01090094696792,167.62876892089844,36379100,0.0009521406719050773,169.04670061383928,167.29051567526426,167.29051567526426,174.3610845401019,160.21994681042662,0.2651432632023229,0.05440984171738261,False
2025-06-06,170.23972142250292,173.89703839964744,170.23972142250292,173.07986450195312,35731800,0.03251885470582305,169.23462132045202,167.61214616563586,167.61214616563586,174.9945784927641,160.22971383850762,0.28006442618284966,0.08869804216058008,False
2025-06-09,174.14743750903665,176.07310468622353,173.97782168090652,175.69395446777344,28935900,0.015103374233291111,169.8671635219029,168.0375044973273,168.0375044973273,176.11359081518532,159.96141817946926,0.27423957060086496,0.10514105611838276,False
2025-06-10,175.80372221831115,180.70268325607967,174.5166301339373,178.19833374023438,61766100,0.014254214267345855,170.8745596749442,168.54554595947266,168.54554595947266,177.62513085978102,159.4659610591643,0.26832369262696054,0.12089397352793507,False
2025-06-11,179.36569688795734,179.96433833777158,176.352484683136,176.95114135742188,31646800,-0.00699890036362838,172.08959089006697,168.94581240699404,169.4441650390625,178.08391290612235,160.80441717200267,0.2653105103618196,0.11304894828902157,False
2025-06-12,175.7837409838909,176.32253497944023,174.3569645474145,175.30482482910156,20941900,-0.009303791519462035,173.4751717703683,169.23485842618075,169.96947784423827,178.69706993311178,161.24188575536476,0.26362922954249096,0.10269337292318403,False
2025-06-13,172.05218023736916,176.73163473712606,172.00228964381978,174.27716064453125,27663100,-0.0058621557368552235,174.44772120884485,169.45408895741338,170.513663482666,178.86390209525965,162.16342487007236,0.2597922797615404,0.09622921264111017,False
2025-06-16,174.33701609632743,176.5420523549515,174.25719419482596,176.3724365234375,27389200,0.012022664766612401,175.69681658063615,169.74235343933105,171.0514991760254,179.45890012315598,162.64409822889482,0.2550993851807585,0.10940880897206173,False
2025-06-17,175.30483777675101,176.96110799729416,174.1873615915514,175.5542755126953,24973000,-0.004638825810139968,176.05030386788505,169.97483032226563,171.53098831176757,179.80968665819867,163.25228996533647,0.251299946540181,0.10426245475500551,False
2025-06-18,175.6141436330853,176.16290971424257,172.81046582918458,172.93020629882812,28707500,-0.014947338686020384,175.65548270089286,170.0884986290565,172.00683059692383,179.36365247382358,164.6500087200241,0.2534542297843891,0.0877566698455261,False
2025-06-20,173.55878574385125,173.94790803011588,165.08788938336605,166.26522827148438,75659900,-0.038541433390916646,173.95075334821428,169.9468960232205,171.92121429443358,179.51162043491746,164.3308081539497,0.2807020614835959,0.04583296860914943,False
2025-06-23,165.89603893694584,166.96362443515676,161.63563852290417,164.81846618652344,57671000,-0.008701531282287123,172.21751403808594,169.763737814767,171.64815979003907,179.8550962006285,163.44122337944964,0.2771410698961415,0.03673262031674973,False
2025-06-24,166.5445998017471,167.84167918331357,165.75638318822968,166.3949432373047,40524300,0.009564929751240125,170.9446738106864,169.6475724845097,171.57351379394532,179.94986632044126,163.1971612674494,0.2730389786176832,0.04664889500089853,False
2025-06-25,167.25299905707695,171.97235685648238,167.17317715297744,170.29612731933594,35479000,0.02344532836233837,170.3759547642299,169.6691909790039,171.473193359375,179.8608352317304,163.0855514870196,0.2756258987350421,0.07118792202427326,False
2025-06-26,172.0421997468365,173.29937576602373,169.5578094698184,173.1497039794922,31796700,0.01675655638842155,169.91556440080916,170.1415557861328,171.5424575805664,179.9630397752773,163.1218753858555,0.27395744559197777,0.08913734284226904,False
2025-06-27,173.14969619543672,178.27813555923768,171.3437693802371,178.12847900390625,108140200,0.028754164228913526,170.28330775669642,170.58588612874348,171.88557357788085,180.80331741489755,162.96782974086415,0.26642633430995544,0.1204545768661982,False
2025-06-30,180.37340297441276,180.82238782578247,174.18735055967244,175.83363342285156,63378900,-0.012883091990048112,170.69808306012834,171.00055898030598,172.11992721557618,181.2007553813498,163.03909904980256,0.26831865131570853,0.10601965748176045,False
2025-07-01,175.3447530851258,175.6939567742825,173.139716841545,175.44451904296875,35904500,-0.00221296899977641,172.00941031319755,171.32818552652995,172.4698570251465,181.49377175688386,163.44594229340913,0.26658683525481713,0.10357207026661008,False
2025-07-02,175.14518633422566,178.4577266308603,174.67625741761273,178.23822021484375,29128900,0.015923559123501407,173.926518031529,171.73730977376303,173.10148010253906,181.86716246450706,164.33579774057105,0.26959864456049176,0.12114486537454527,False
2025-07-03,178.09853847776557,179.265905222364,176.65180269468908,179.126220703125,21689700,0.004982099165997456,175.74527195521765,172.26107177734374,173.68432540893554,182.42333266665844,164.94531815121263,0.2642619598790015,0.12673052027329001,False
2025-07-07,178.65727862884938,178.89674433224096,175.28487562232132,176.3923797607422,34175600,-0.015262092460007537,176.6161651611328,172.54156595865885,174.12250595092775,182.45231832683902,165.79269357501647,0.2587284425738382,0.10953425489536661,False
2025-07-08,177.4500058972594,177.54977185383785,172.42133277200756,173.9678497314453,40442500,-0.013745095069217284,176.73304312569755,172.66450907389324,174.16690521240236,182.48277234130805,165.85103808349666,0.25994429718421275,0.09428360107927669,False
2025-07-09,174.85584916951822,179.03642797074187,172.38143114455036,176.22276306152344,43025600,0.012961666960642715,176.46079799107142,172.942339070638,174.19334564208984,182.53298477529847,165.8537065088812,0.25828125708057104,0.10846734067695918,False
2025-07-10,175.2350053597822,178.02869585837095,173.98781666417247,177.22052001953125,29252400,0.005661907353361917,176.65892464773995,173.10627187093098,174.1444549560547,182.39623700542825,165.89267290668113,0.24795465118815646,0.11474338006409956,False
2025-07-11,176.39239690386106,181.02196104807066,176.08309652221448,179.78475952148438,34282900,0.01446920199574242,177.2789590018136,173.37361653645834,174.2861358642578,182.83285743509148,165.73941429342412,0.25060595727051155,0.13087282720366367,False
2025-07-14,180.60289104600895,183.2569121837853,179.27588047712075,181.1516571044922,32536600,0.0076029669402788436,177.6951642717634,173.70313313802083,174.57847747802734,183.65544680710252,165.50150814895215,0.25080005081640133,0.13947081592255284,False
2025-07-15,182.3988435351607,183.80567598843865,181.1915734457722,181.59066772460938,33448300,0.002423442474301929,178.04722813197546,174.0512700398763,174.94415283203125,184.54420402580055,165.34410163826195,0.25067211876677087,0.14223225789608707,False
2025-07-16,182.82789923086935,183.91544417003013,181.62061381873355,182.55850219726562,33104200,0.005329758873534374,178.92810276576452,174.52168935139974,175.25345611572266,185.42865424296343,165.07825798848188,0.24499229184907728,0.14832008040824585,False
2025-07-17,181.73035050857078,183.64603043273615,180.07408034072432,183.1671142578125,31992600,0.003333791925446583,180.2422834123884,175.10706787109376,175.63409805297852,186.40860351339103,164.859592592566,0.2377946443306303,0.15214834062013893,False
2025-07-18,184.9830305164638,186.00074080595235,183.2968441040249,184.643798828125,34014500,0.008061952475999723,181.4452885219029,175.67955067952474,176.21977767944335,187.63012028738666,164.80943507150005,0.2370662710500454,0.16143690578752046,False
2025-07-21,185.83112267520195,189.86202999312056,185.73134148599024,189.67247009277344,45803100,0.027234444354826914,183.22413853236608,176.41434071858723,177.3901397705078,189.29252823769968,165.48775130331592,0.2467783046306208,0.19306799456983303,False
2025-07-22,191.0693117786785,191.21896833519165,187.03840453704987,190.90966796875,44660200,0.006522812063191941,184.81341116768974,177.0086675008138,178.69469985961913,190.5144929719994,166.87490674723887,0.2319517784801226,0.20085015287702146,False
2025-07-23,191.06931784155387,192.09700016081177,188.75452819755446,189.8021697998047,58681900,-0.0058011633498131765,186.0491986955915,177.47894134521485,179.86506118774415,191.18163153977346,168.54849083571483,0.2306776475975136,0.19388382498153378,False
2025-07-24,196.5868474168703,197.5047763656739,190.57041105035847,191.73777770996094,74881700,0.010198028358674005,187.49878583635603,177.93025614420574,180.9371437072754,192.49675866347704,169.37752875107375,0.22920402828980987,0.2060590860856577,False
2025-07-25,191.54821586623893,193.8929365997576,190.82983399147875,192.74551391601562,39785900,0.005255804140898546,188.9540732247489,178.45673522949218,181.91693420410155,194.00704252553248,169.82682588267062,0.22751555960892328,0.21239789642447504,False
2025-07-28,193.21445136708732,193.61356085282932,190.41077383680673,192.14686584472656,38139500,-0.003105898856613165,190.23689488002233,179.01813659667968,182.61785354614258,195.38940306595384,169.84630402633132,0.22531246946217695,0.2086323111842101,False
2025-07-29,191.99721287217557,195.47936925683575,191.64800916549822,195.30975341796875,41389200,0.0164607814930382,191.76060267857142,179.71922302246094,183.59165954589844,197.1320628950387,170.05125619675817,0.22682876073915403,0.22852734356403914,False
2025-07-30,195.1600963397073,197.155598285003,194.2521393007246,196.08799743652344,32445400,0.00398466540935738,192.67710658482142,180.37640838623048,184.62383346557618,198.68648939399824,170.56117753715412,0.22552139565463217,0.23342261397438846,False
2025-07-31,195.26984291287636,195.54921195775628,190.66022322341527,191.46839904785156,51329200,-0.023558802420669878,192.75692531040735,180.90687917073566,185.28534240722655,199.32792445867273,171.24276035578038,0.23788190107263957,0.2043646543105797,False
2025-08-01,188.6048544387261,190.40080913246982,187.39758435603645,188.7046356201172,34832200,-0.014434566964983353,192.60013471330916,181.4326934814453,185.76426315307617,199.57380607766487,171.95472022848747,0.2375500318480507,0.1869801720576747,False
2025-08-04,189.86201672672937,194.830827292421,189.69240089649873,194.60133361816406,31547400,0.03124829434459442,193.00921412876673,182.37723032633463,186.67471084594726,200.282176490644,173.06724520125053,0.21663350008918641,0.2240712778553302,False
2025-08-05,194.27208103659058,197.41499022677854,193.45391800516853,194.23216247558594,31602300,-0.0018970637853000794,193.22159249441964,183.3576868693034,187.68792648315429,200.29238236394733,175.08347060236125,0.21367597703679062,0.22174913656348494,False
2025-08-06,194.0625664055758,196.18778087351924,193.23443126184418,195.64898681640625,21562900,0.0072944888362573845,193.7218954903739,184.33282165527345,188.65923767089845,200.51542028293954,176.80305505885735,0.21340881034599468,0.23066117200085445,False
2025-08-07,196.6167969951023,197.09571318148866,193.8929412029117,196.07801818847656,26321800,0.0021928627336715856,193.83164760044642,185.1922180175781,189.60211257934571,200.59605201139087,178.60817314730056,0.20666209725233872,0.23335984302271173,False
2025-08-08,196.7764442791972,202.15432130991044,196.72655368662487,200.9669952392578,39161800,0.0249338355005293,194.52864728655135,186.1194610595703,190.66122436523438,201.7537787806422,179.56866994982656,0.21206436952326105,0.2641122344615987,False
2025-08-11,200.48808049350347,201.02685931355308,198.62229106869012,200.54794311523438,25832400,-0.002085178830108614,195.82572501046317,186.8667765299479,191.63103866577148,202.61396483164336,180.6481124998996,0.20065712938587535,0.26147633439141815,False
2025-08-12,200.91710457512625,204.04006993048975,200.1388600495838,202.88267517089844,30397900,0.01164176515299653,197.85115923200334,187.7684112548828,192.69563903808594,203.70845420842699,181.6828238677449,0.1952027916757161,0.2761621456224659,False
2025-08-13,203.6709007567403,204.06999503609887,197.06577929471834,201.5057830810547,28342900,-0.006786642026895162,198.83750915527344,188.63712005615236,193.64300308227538,204.23592114821204,183.05008501633873,0.19708263967266657,0.26750128997185185,False
2025-08-14,201.0468177297292,203.98020797768137,200.77742070862897,202.48358154296875,25230400,0.004852458559567729,200.0162833077567,189.44529876708984,194.60882644653321,204.69010010153667,184.52755279152976,0.1941955511292771,0.273651787455639,False
2025-08-15,203.39153088363753,205.97570210941166,200.82730371462006,203.44140625,34931400,0.004730382086944651,201.12948608398438,190.25580495198568,195.54870681762696,205.21468144616904,185.8827321890849,0.19418960291661047,0.27967664705602413,False
2025-08-18,203.74073522255918,204.80833601681928,202.0345896716843,203.0423126220703,18526600,-0.0019617128847372323,202.1243852887835,191.14413604736328,196.2171989440918,206.02035522058225,186.41404266760134,0.18619403510133364,0.27716628888919703,False
2025-08-19,202.57337657986534,202.98245812812408,199.51028904350812,201.11666870117188,24240200,-0.009483953842087556,202.14576721191406,192.0490966796875,196.7275489807129,206.42952568988102,187.02557227154477,0.1828928415000137,0.2650537027567017,False
2025-08-20,200.27853657760338,200.82730262485018,196.15783565803162,198.87171936035156,28955500,-0.011162423061789828,201.90630667550224,192.80406188964844,197.18102645874023,206.35344995374783,188.00860296373264,0.18698218293876423,0.2509326381306476,False
2025-08-21,199.30075073242188,202.02460654215824,198.9814631231269,199.30075073242188,19774600,0.0021573272129906673,201.3946031842913,193.54006958007812,197.55917510986328,206.40448634682969,188.71386387289687,0.18700452413296562,0.2536313091525051,False
2025-08-22,202.27405146693474,208.07098221204853,200.8472748764244,205.62649536132812,42827000,0.03173969292970247,201.9832763671875,194.40146077473958,198.2032241821289,207.43990289115158,188.96654547310624,0.20154891917537202,0.29342118195206646,False
2025-08-25,205.96570803332725,210.046520726557,204.8183006045268,208.02108764648438,29928900,0.011645348917455722,202.77434866768974,195.29710845947267,198.9969352722168,208.75574808049444,189.23812246393916,0.20241720270836738,0.3084835229131262,False
2025-08-26,207.04328099820484,207.38252787024734,205.23735432936843,206.6741180419922,28464100,-0.006475158935719372,203.23616463797433,196.1332234700521,199.56515350341797,209.73476682077947,189.39554018605648,0.20491405313901823,0.30001088413749377,False
2025-08-27,205.2373711930947,208.4401585010209,205.18748059977113,207.01336669921875,23022900,0.0016414665776274262,203.80345807756697,196.9483856201172,200.11142196655274,210.66122363280883,189.56162030029665,0.20504775522722488,0.30214480855435744,False
2025-08-28,206.7838755896793,211.74269881815906,206.43465668224866,211.16400146484375,32339300,0.020050080976923956,205.2387913295201,197.8816151936849,201.09620208740233,211.92237726709678,190.2700269077079,0.21004084527539024,0.3282529174095534,False
2025-08-29,210.0365560843286,214.16724458693432,209.72725571237183,212.43116760253906,39728400,0.00600086249978693,207.1758553641183,198.8078608194987,202.28252868652345,212.5782808568155,191.9867765162314,0.20985066744593078,0.33622358053186896,False
2025-09-02,207.9712205067108,211.20392399730977,205.73625278986853,210.8746795654297,47523000,-0.007327022934890515,208.8292737688337,199.5146011352539,203.09619598388673,213.40812209121336,192.7842698765601,0.20143571494747528,0.3264330397111703,False
2025-09-03,225.70126168023373,230.78978267421618,224.28444185471682,230.14125061035156,103336100,0.09136502819886383,212.33138166155135,200.82232055664062,204.891650390625,220.0642427471546,189.71905803409538,0.3245423813103218,0.4476226317882861,True
2025-09-04,229.13349303754427,231.84737676203946,225.60146147412655,231.7775421142578,51684200,0.0071099444344144835,215.72516087123327,202.22149963378905,206.69807815551758,225.42406135823956,187.9720949527956,0.3224599393825297,0.4579151482623016,False
2025-09-05,231.677775522156,235.22976659054154,231.37844718195538,234.4714813232422,46588900,0.011622951837397366,219.6962127685547,203.64595642089844,208.61775131225585,230.38455351945765,186.85094910505404,0.3226139812704004,0.47486042581356647,False
2025-09-08,235.15054099905157,237.8069358559837,233.3529799966882,233.72247314453125,32474700,-0.0031944532208518783,223.51179940359933,205.01185506184896,210.25552520751953,234.39802712819935,186.1130232868397,0.32392012063591274,0.4701490531760193,False
2025-09-09,233.85230194861487,240.14375784585562,232.91357479962468,239.30490112304688,38061000,0.02388485755524039,227.53192792619978,206.5837895711263,212.19337310791016,239.11669853208008,185.27004768374024,0.32630055013147624,0.5052633538961,False
2025-09-10,238.5758820575914,241.33214736167037,237.5273187664355,238.84552001953125,35141100,-0.0019196477019892688,231.30540684291296,208.03498179117838,213.99151535034179,243.01815438543235,184.96487631525122,0.32628232270729,0.5023737785579048,False
2025-09-11,239.55457404217233,241.9213539288796,235.92949376965038,240.0438995361328,30599300,0.0050173832714282,235.4724382672991,209.50017852783202,215.9184211730957,246.5285891274393,185.30825321875213,0.32621511944128123,0.5099117636218735,False
2025-09-12,240.04388783032,241.75157459718335,237.67710805902945,240.4733123779297,26771600,0.00178889295927398,236.94844709123885,211.13367563883463,217.81790771484376,249.60984015446454,186.02597527522298,0.3136374011637278,0.5126128341449416,False
2025-09-15,244.32807821701437,252.06756394348793,244.32807821701437,251.26864624023438,58383800,0.04489202463073605,239.73289053780692,213.2191426595052,220.20926971435546,254.54154383050923,185.8769955982017,0.32403986260612705,0.5805170867521439,False
2025-09-16,251.73800966841424,252.696698721273,249.13154999644232,250.8192596435547,34109700,-0.001788470640503359,242.0682874407087,215.09307352701822,222.59811706542968,258.51317534336204,186.68305878749732,0.3191330531544696,0.5776903783456737,False
2025-09-17,250.87917693990602,251.25866627901078,245.94587648389523,249.19146728515625,34108000,-0.006489901775133755,244.27814374651228,216.9250503540039,225.0018569946289,261.29649496861475,188.70721902064304,0.32072975264483233,0.5674513227586366,False
2025-09-18,251.338548569648,253.64542748570952,249.46110945180462,251.68807983398438,31239500,0.010018852475278228,246.0471692766462,218.79302012125652,227.64267501831054,263.61655601655184,191.6687940200692,0.3207357826760043,0.583155386323535,False
2025-09-19,252.90642848071656,255.65269769422878,251.4683796180924,254.3744354248047,55571400,0.010673352478958398,248.26558576311385,220.73623402913412,230.3963592529297,265.6599899785687,195.13272852729068,0.32020031093821427,0.6000529617907278,False
2025-09-22,254.08482475081846,255.4329993925613,249.96043800377367,252.18740844726562,32290500,-0.008597668133933034,250.00037275041853,222.4435811360677,232.72440490722656,267.2425773391631,198.20623247529,0.32036053968448125,0.5862962374285345,False
2025-09-23,252.69670571321294,254.01492224497756,250.1401811840686,251.31858825683594,26628000,-0.0034451370739684295,251.54969787597656,224.13593597412108,234.88927993774413,268.2971301844125,201.48142969107576,0.32074865910813105,0.5808312294506728,False
2025-09-24,251.31859024650916,252.00765659919705,246.1056707170572,246.80471801757812,28201000,-0.01796074962288441,250.91199384416853,225.60000406901042,236.89580993652345,267.90263508367616,205.8889847893707,0.3289883873399249,0.5524383155424728,False
2025-09-25,244.0684141454478,246.15559020390248,240.41339128252798,245.45652770996094,31020400,-0.005462579153455049,250.14588928222656,227.06502888997395,238.81796798706054,266.6263039983126,211.00963197580847,0.32853693024121394,0.5439579983629657,False
2025-09-26,246.73481561544992,249.08161830530747,245.63630185383965,246.2055206298828,18503200,0.0030514279938276268,249.71932547433036,228.52242685953777,240.5700439453125,265.28582001525876,215.85426787536622,0.3286710204808749,0.5486692750204645,False
2025-09-29,247.51375020937843,250.80926093832198,242.4406403715287,243.71890258789062,32505800,-0.010099765576460307,248.58087158203125,229.8650100708008,242.1344306945801,263.0140524289289,221.2548089602313,0.3322489351435918,0.5330280783872909,False
2025-09-30,242.48058753408858,242.9599320717839,238.92541967317948,242.77020263671875,34724300,-0.0038925989781598558,246.9231240408761,231.18927307128905,243.72920684814454,258.54860603769566,228.90980765859345,0.3327100887380037,0.5270606148558703,False
2025-10-01,240.42338523813993,245.96585884887978,238.2862890899911,244.5677490234375,31658200,0.007404312255769652,245.83460126604353,232.63764241536458,244.45053176879884,257.8184723577244,231.0825911798733,0.3293853632556629,0.5383674484817507,False
2025-10-02,244.8174135056227,246.4751651396655,241.97128907367482,245.356689453125,25483300,0.0032258563642906246,244.98290143694197,234.18714141845703,245.12948913574218,257.0928587709876,233.16611950049676,0.3252024822074091,0.5433300009060531,False
2025-10-03,244.15830178707057,245.96584369150784,241.33213946713911,245.0171356201172,30249600,-0.0013839191984723609,244.72753252301897,235.71102091471354,245.65677185058593,256.5213881365308,234.79215556464106,0.32584298085887853,0.5411941568882208,False
2025-10-06,244.44791178946252,250.97904766602093,244.24818617214953,250.09024047851562,28894700,0.02070510230053446,245.38949148995536,237.19314575195312,246.47516021728515,255.92889722874108,237.02142320582922,0.32011219523626167,0.5731047395715774,False
2025-10-07,247.93317917084852,250.1002333278666,245.18691006468788,245.42657470703125,23181300,-0.01864793189274816,245.27821350097656,238.43999532063802,246.78124389648437,255.63485574653305,237.9276320464357,0.32801731419348534,0.5437695895278873,False
2025-10-08,244.62768203424937,245.67624536262252,243.48922922331397,244.2881317138672,21307100,-0.0046386296778294644,245.35953194754464,239.69379577636718,247.05337448120116,255.18511084086836,238.92163812153396,0.3274664438110326,0.5366086140941726,False
2025-10-09,244.13833003954065,244.42792989328805,238.82554034163272,241.2023162841797,27892100,-0.012631867983262879,245.1355481828962,240.83342742919922,247.1112953186035,255.0469502826008,239.17564035460623,0.3316231014188317,0.5171983769389905,False
2025-10-10,241.10244578834048,243.75884063652228,235.52003337107624,236.24905395507812,33180300,-0.020535716262632064,243.94716317313058,241.66959584554036,246.90008239746095,255.75163825913768,238.04852653578422,0.3367702125122054,0.48604162155604547,False
2025-10-13,239.8841293059291,244.16830263513637,239.38480762364867,243.8187713623047,24995000,0.03204126018919817,243.72746058872767,242.71584930419922,246.52758865356446,255.2308583528873,237.82431895424162,0.3464602279350973,0.5336562678043006,False
2025-10-14,240.9027282868883,246.78473694130554,240.18370386409978,245.11700439453125,22111600,0.005324581962959041,243.7417275565011,243.85726013183594,246.2424758911133,254.72457237662448,237.7603794056021,0.34453885340674134,0.5418223463052305,False
2025-10-15,246.91456723829836,251.76797450819856,245.6562821083569,250.68943786621094,27007700,0.022733769472437437,243.82732718331474,244.54219970703124,246.317374420166,254.93449371562684,237.70025512470517,0.2357025773305391,0.5768737800935861,False
2025-10-16,251.42842769264908,256.6113736152233,249.76069521164578,251.1188507080078,27997200,0.001712927538758402,244.64050946916853,245.1869099934896,246.28891296386718,254.83480807369392,237.74301785404043,0.23539572155995592,0.5795748506166545,False
2025-10-17,250.41979725844868,253.87510990312921,247.4738024671156,252.95635986328125,29671600,0.007317288806048428,245.87882777622767,245.80307261149088,246.218009185791,254.5009296357802,237.9350887358018,0.23431854190350515,0.5911330559893873,False
2025-10-20,254.3444728441902,256.98087539491434,253.88509020638818,256.2019348144531,22350200,0.012830572644728422,248.0216304234096,246.5523880004883,246.4187355041504,255.46971841590505,237.36775259239573,0.23545338219488962,0.6115482042516878,False
2025-10-21,254.39440086428343,254.53421031738455,243.81875668908756,250.12020874023438,47312100,-0.0237380177422285,250.0032239641462,246.91289825439452,246.35881652832032,255.28827017900042,237.42936287764022,0.2394682385027189,0.5732932443867047,False
2025-10-22,254.02489806023604,256.01218852739623,248.95178813355238,251.34854125976562,35029400,0.004910968712675823,251.0789053780692,247.329665629069,246.58600769042968,255.79021879928715,237.38179658157222,0.23941824314824162,0.581019638285752,False
2025-10-23,252.6367781341903,254.69398089708358,251.50832156545113,252.7366485595703,19901400,0.005522639172073296,252.16742597307478,247.75275726318358,246.95001373291015,256.53413201312645,237.36589545269382,0.23948150896749887,0.589751039271966,False
2025-10-24,256.23191746004557,261.32500504033385,254.97364746401067,259.5674133300781,28655100,0.0270272032546075,253.43570818219865,248.38922729492188,247.61810836791992,258.725529111977,236.51068762386282,0.25036931600680973,0.632717563734593,False
2025-10-27,264.4607188078389,269.7735083332291,263.92144290721717,268.9046630859375,35235200,0.03597234967235918,255.9765385219029,248.977094523112,248.87739639282228,263.3304256399427,234.42436714570184,0.2383439333428802,0.6914502508534561,False
2025-10-28,269.3241367489819,270.3627344019799,266.1384619149823,267.1071472167969,29738600,-0.006684584225920109,257.9980795724051,249.52002410888673,250.09424362182617,266.36588129336656,233.82260595028578,0.23950618426857756,0.6801436091876725,False
2025-10-29,267.38675485794886,274.96645416764926,267.3068768000952,274.197509765625,43580300,0.02654501245177565,260.56887599400113,250.3535588582357,251.57573165893555,270.84757408369063,232.30388923418047,0.2480646222694873,0.7247430422143306,False
2025-10-30,291.1944142933695,291.1944142933695,279.6800575475708,281.09814453125,74876000,0.025166657317651886,264.9942953927176,251.33389434814453,253.3628044128418,276.4561726561616,230.269436169522,0.25540098617512397,0.768149059318743,False
2025-10-31,282.8257813584811,285.6120049046921,276.6541726227251,280.80853271484375,39267900,-0.0010302871863107077,269.20286560058594,252.21503092447918,255.15237426757812,280.91550164815544,229.38924688700084,0.2549220114252189,0.7663273579994396,False
2025-11-03,281.797163766903,285.14262497278366,279.42038779718166,283.3350830078125,29786000,0.008997412822687956,273.5740705217634,253.25328674316407,256.81461639404296,285.34396554717375,228.28526724091213,0.25280312925389137,0.7822197344193684,False
2025-11-04,276.3745458896769,280.88840284028174,275.88522040271835,277.1634826660156,30078400,-0.021781984342640337,276.0877947126116,254.11478322347006,258.4014617919922,287.78160250134164,229.02132108264271,0.262887909690286,0.7433994520691012,False
2025-11-05,278.4916636746374,286.03143918614273,276.96374058170124,283.9242858886719,31010300,0.024392835440024685,278.2334551130022,255.35210215250652,260.3832695007324,291.0730325859186,229.6935064155462,0.2616391373017497,0.7859259080096519,False
2025-11-06,284.9429082592804,287.9588308357049,280.7586204462715,284.36370849609375,37173600,0.001547675310854535,280.6986781529018,256.6490081787109,262.5413391113281,293.61967680581336,231.46300141684287,0.26003092383875226,0.7886899414444939,False
2025-11-07,282.82575309004056,283.39498707048995,274.816645004158,278.4516906738281,34479600,-0.02079033873039693,281.3064182826451,257.72388051350913,264.65147094726564,293.88969935354095,235.41324254099035,0.2705866523823525,0.751502471678209,False
2025-11-10,284.03413439651047,290.40545290698407,282.47622284552773,289.7064208984375,29557300,0.04041896889680907,282.53617204938615,259.25679779052734,266.94585342407225,296.50085772974353,237.39084911840098,0.28645357176279296,0.8222963956036549,False
2025-11-11,287.3595968518003,291.5239526379353,286.9301875660949,290.9147644042969,19842100,0.004170924144905275,283.97991943359375,260.86161651611326,269.23574142456056,298.766296983496,239.70518586562517,0.28499935983501473,0.829897055639252,False
2025-11-12,291.2842728658537,291.613842224268,283.30512258449664,286.3210144042969,24829900,-0.015790707664516734,284.40648106166293,262.2533920288086,271.01732025146487,300.13311753702675,241.90152296590296,0.29199288906669174,0.8010016861774927,False
2025-11-13,281.9569519907634,282.45627365196606,276.8638649512614,278.19207763671875,29494000,-0.0283909889900702,284.5534232003348,263.34790496826173,272.37098159790037,300.07466145046976,244.66730174533097,0.30800651070201024,0.7498694671341297,False
2025-11-14,271.04178706348836,278.1820807042813,270.3327588398133,276.0350036621094,31647200,-0.0077539015234869835,283.4263828822545,264.3818339029948,273.5249137878418,299.7043040269467,247.34552354873685,0.3095909565270148,0.736301151607015,False
2025-11-17,285.392279437324,293.55120856159544,283.1852862901624,284.63330078125,52670200,0.031149299925982143,283.4648960658482,265.53326924641925,274.9464820861816,300.2378610237598,249.65510314860342,0.3158563723625284,0.7903857169402502,False
2025-11-18,287.52939388700526,288.4081743957296,277.8225797399186,283.8943176269531,49158700,-0.0025962638674692506,284.24241420200894,266.81552734375,276.63518753051756,299.3231911853231,253.94718387571206,0.3089799915002162,0.7857374031945252,False
2025-11-19,286.77042153983126,303.39782684502376,286.2411417953812,292.4127502441406,68198900,0.030005646778675565,284.62903267996654,268.41968129475913,278.68839797973635,299.05475162762576,258.32204433184694,0.3157826702932063,0.8393196089542494,False
2025-11-20,304.1268355762142,306.0042898345543,288.2783714658303,289.05731201171875,62025200,-0.011475006577587155,284.36368233816967,270.0148478190104,280.5044311523437,297.28980238278126,263.7190599219062,0.3152003666314738,0.8182134043432143,False
2025-11-21,296.0178540164301,303.50767860502685,293.4513334764558,299.2534484863281,74137700,0.03527375385749121,286.211172921317,272.1149943033854,282.4887329101563,298.2014440317868,266.7760217885257,0.3155051494912133,0.882348616428408,False
2025-11-24,310.70789188393536,319.0465694557707,309.17996886834777,318.14776611328125,85165100,0.063138178432107,291.91912841796875,274.5926274617513,284.9508880615234,306.1691506396613,263.7326254833855,0.3472820253569724,1.0011966792438947,True
2025-11-25,325.767421144808,328.3838617048627,317.2190369667809,323.0011901855469,88632100,0.015255251141815362,298.6285836356027,277.1887669881185,287.74559020996094,313.34056862325787,262.150611796664,0.34752715609217794,1.0317254371699272,False
2025-11-26,320.2449508538883,324.0597758686898,316.36024396458464,319.5159606933594,51373400,-0.0107901444269769,303.61182076590404,279.4829844156901,290.01151275634766,318.4252111839616,261.5978143287337,0.3499812667117781,1.0098028262669008,False
2025-11-28,322.9312800436979,326.40656970987055,316.3602205188893,319.74560546875,26018600,0.000718727086097104,308.73343331473217,281.77054290771486,291.94388580322266,322.94420346394105,260.94356814250426,0.3501569474957002,1.0112473259958534,False
2025-12-01,317.26898426885936,319.41606123931075,313.46415578589995,314.4627990722656,41183000,-0.016521904620830474,311.88344029017856,283.82075754801434,293.62659912109376,325.7163365715093,261.5368616706782,0.3574888241734082,0.9780176895068495,False
2025-12-02,316.3102616947243,317.948051296999,313.4841146313127,315.38153076171875,35854700,0.0029215910185993454,315.64404296875,285.7934107462565,295.2289215087891,328.3390453918491,262.1187976257291,0.35736405975113866,0.9837966482231433,False
2025-12-03,315.4614642178001,321.14371687287894,313.67388407801036,319.1963806152344,41838300,0.012095983694105028,318.4930332728795,288.09594980875653,297.33056640625,330.9446994984219,263.7164333140781,0.34530040486844804,1.0077926201324705,False
2025-12-04,321.7928484740126,321.92264650582644,314.27306548179905,317.1890869140625,31240900,-0.006288585407212111,318.3560791015625,290.29063466389977,298.99380645751955,333.1031580441506,264.88445487088853,0.34779685935043236,0.9951664447607973,False
2025-12-05,319.05652267664885,322.72155681925386,318.73697999805336,320.8341064453125,28851700,0.01149162969858919,318.04649571010043,292.5605499267578,300.8173263549805,335.5276518405857,266.10700086937527,0.3478555344300006,1.018094158731039,False
2025-12-08,319.82486263347363,320.21460294317257,311.0010871288888,313.49932861328125,33909400,-0.022861590101180496,317.18697684151783,294.3582804361979,302.5697082519531,336.042482666723,269.0969338371832,0.35439774074750785,0.9719573172885434,False
2025-12-09,312.15025542764414,317.7662971049956,311.6805848338384,316.85693359375,30194000,0.010710086670107533,316.77430943080356,295.956689453125,303.92723388671874,337.40567819378737,270.4487895796501,0.34357089475691693,0.9930771510664564,False
2025-12-10,315.6078174223929,321.0839735202244,314.45863248382005,319.9847412109375,33428900,0.009871356077685745,317.5631583077567,297.7192759195963,305.38073272705077,339.00433223898995,271.7571332151116,0.3417274236625063,1.012751525314933,False
2025-12-11,319.85481737290655,320.8940942947929,308.3829128168011,312.210205078125,42353700,-0.024296583966444296,317.11011178152904,298.9863657633463,306.67519226074216,339.1841446472549,274.1662398742294,0.34722734531368527,0.9638485388765299,False
2025-12-12,313.47935032153816,314.6485102459599,305.34506149685063,309.07244873046875,35940200,-0.010050140247244932,315.66383579799106,299.91884256998696,308.2192108154297,337.83688364763054,278.6015379832288,0.34405776315833186,0.9441115856364737,False
2025-12-15,311.1009991314403,311.2009348824072,304.66552711937686,308.003173828125,29151900,-0.003459625426775692,314.3515625,300.82533060709636,309.81761932373047,335.2811386186024,284.3541000288585,0.34440093147386663,0.9373856877623166,False
2025-12-16,304.7354841263937,310.5513666605185,302.37712849550337,306.3543395996094,30585000,-0.005353302720950914,312.2830243791853,301.59263916015624,310.90367126464844,333.5404396796918,288.26690284960506,0.34485293519128607,0.9270142756884872,False
2025-12-17,307.7933270972379,307.87325739956634,295.9116769824828,296.5112609863281,43930400,-0.03212971824112465,309.8561575753348,302.23756510416666,311.5345184326172,331.5539170618898,291.51511980334453,0.3524903959391571,0.8650998499639913,False
2025-12-18,301.50775321966603,303.7461677101471,299.0195145942255,302.2472229003906,33518000,0.01934483666819986,307.76905604771207,302.84832967122395,312.0262420654297,330.49079430135026,293.56168982950913,0.35005960130677144,0.9011799019314288,False
2025-12-19,301.5177661333593,307.03387224107576,300.7582909786616,306.9439392089844,59943200,0.015539319976288546,305.9060843331473,303.6010040283203,312.92057342529296,328.15021907852713,297.6909277720588,0.35213440653796096,0.9307229447600303,False
2025-12-22,309.66200850448513,309.9118326328777,305.0852133945127,309.56207275390625,26429900,0.008529679887698594,305.5277797154018,304.6380167643229,313.4360046386719,327.35986407704166,299.5121452003021,0.3452631013755151,0.9471913934306682,False
2025-12-23,309.41219480947996,314.7184570357758,309.1024153195162,314.1288757324219,25478700,0.014752462851436388,306.25012642996654,305.4520985921224,313.2350601196289,326.98755381156326,299.4825664276945,0.32922498193685357,0.9759172621268908,False
2025-12-24,314.5485634057752,314.8583428959372,311.70059264113144,313.8690490722656,10097400,-0.0008271339575212089,307.0881086077009,306.217241414388,312.77845306396483,325.7498993454491,299.8070067824806,0.32937689417217153,0.9742829138621334,False
2025-12-26,314.25877806497726,314.86833429915043,312.0603135401851,313.2894592285156,10899000,-0.0018465976351066393,308.07883998325894,307.11618957519534,312.46712799072264,325.0507944359981,299.8834615454472,0.3250101648828807,0.9706372077023642,False
2025-12-29,311.15095467052413,313.79908436732376,310.4014822754237,313.33941650390625,19621800,0.00015946044119585778,310.4828622000558,308.2877675374349,312.14681854248045,324.2680381330878,300.02559895187306,0.3111286816775192,0.9709514463809414,False
2025-12-30,312.28018544302313,316.72706748217655,312.24020504037514,313.6292419433594,17380900,0.0009249568493068239,312.1088649204799,309.54090881347656,312.10514068603516,324.19853081782514,300.01175055424517,0.30925269698792385,0.9727744914209226,False
2025-12-31,312.62992729269524,314.3586907819443,311.22091551782626,312.7798156738281,16377700,-0.0027083771406897217,312.9425615583147,310.4791259765625,311.9750549316406,323.9756681749154,299.9744416883658,0.29925537300803506,0.9674314740846224,False
2026-01-02,316.67708324131615,322.2731502440002,310.11169732658084,314.9283142089844,32009400,0.006869044700111848,313.70916748046875,311.5135925292969,311.76165161132815,323.3668526931292,300.1564505295271,0.29888713279755413,0.9809458488245166,False
2026-01-05,317.4365596004392,318.79558832967825,314.4086921415047,316.3173522949219,30195600,0.004410648465910105,314.0218069893973,312.31041259765624,311.7180648803711,323.24371267720136,300.1924170835409,0.28827984424546255,0.9896831045936856,False
2026-01-06,316.17741436833177,320.71422913013345,311.5606693028291,314.1188659667969,31212100,-0.00695025521734649,314.0574951171875,313.1457977294922,311.38230285644534,322.15653679631436,300.6080689165763,0.2866291641389967,0.9758542992151171,False
2026-01-07,314.13884430323384,325.9205589972494,313.96898096999803,321.7535095214844,35104400,0.02430495071090233,315.2666451590402,313.8957997639974,311.79501190185545,323.50261725921945,300.08740654449144,0.27749120629105795,1.0238773405694652,False
2026-01-08,328.7385750407063,330.0876314322289,321.2738288701313,325.2110595703125,31896100,0.010745959085171286,316.9625941685268,314.13124287923176,312.2127182006836,325.2062455205194,299.21919088084775,0.21190727125547304,1.04562584366463,False
2026-01-09,326.8598973489763,330.5972566011106,325.5707962902668,328.3388671875,26214200,0.009617777517530124,319.06396920340404,314.3091654459635,312.6304244995117,327.1262285489254,298.13462045009805,0.20918228705944397,1.0653002179131064,False
2026-01-12,325.57079145505844,333.80501545240315,324.77136644379436,331.62652587890625,33923900,0.010013004916438417,321.756356375558,314.7128509521484,313.60124053955076,330.3968239127407,296.80565716636085,0.20799836842025865,1.0859800791489915,False
2026-01-13,334.7144015630273,340.25048265726696,333.38532003422745,335.7336730957031,33517600,0.012384857350936418,324.72855050223217,315.24578653971355,314.9343017578125,334.25829159530326,295.6103119203217,0.2104371141889181,1.111814644866147,False
2026-01-14,334.8243096530742,336.2832741209541,330.2475447349911,335.603759765625,28525600,-0.00038695353039874814,327.48375156947543,315.9504852294922,316.3143310546875,337.414718245656,295.213943863719,0.20336480274049726,1.1109974707337682,False
2026-01-15,337.4124676651339,337.4524480652932,330.507324974913,332.5458984375,28442400,-0.0091115228573736,330.1161847795759,316.5226308186849,317.62390899658203,339.36297194710045,295.8848460460636,0.2059933988350549,1.0917630690273197,False
2026-01-16,334.1747541117482,334.4145755186536,327.46948297740045,329.7678527832031,40341600,-0.008353871352345,331.26109095982144,316.87501322428386,319.28673858642577,339.24046925004325,299.3330079228083,0.2056808506575929,1.074288749449079,False
2026-01-20,320.6442885211675,327.49947891315526,320.20459558658575,321.77349853515625,35361000,-0.024242369838586297,330.770010811942,317.027826944987,320.26305236816404,338.54732287792257,301.9787818584055,0.21757516232320706,1.0240030744329158,False
2026-01-21,320.6942733516965,332.24613943011235,319.12537039479025,328.1490173339844,35386600,0.019813685178711404,330.7428894042969,317.2716573079427,321.32330627441405,338.79690141880184,303.84971113002626,0.22248675914219787,1.0641060341504738,False
2026-01-22,334.2147483456718,334.9142376434696,328.5187457270175,330.3074951171875,26253600,0.006577736544023383,330.55445643833707,317.83192952473956,322.36057739257814,339.35080004419393,305.37035474096234,0.21130594197890776,1.0776831798420443,False
2026-01-23,332.25610013077164,333.45526818914374,327.21966747627397,327.6993103027344,27280000,-0.007896232610549059,329.4066903250558,318.19334208170574,323.0390991210937,339.72634438877196,306.3518538534155,0.21139117365922594,1.0612773101629864,False
2026-01-26,327.5793954045391,335.60374537803585,326.7699676491338,333.02557373046875,26042100,0.01625350820181426,329.0383780343192,318.62803649902344,323.9969253540039,340.6670749750228,307.326775732985,0.21445108265275364,1.0947802978299341,False
2026-01-27,335.1340666902067,337.6722883721735,333.2454121385867,334.31463623046875,21636200,0.0038707612918738032,329.29105486188615,319.36485087076824,325.0481842041016,341.5259101160724,308.57045829213075,0.20016076093815585,1.1028886923217542,False
2026-01-28,335.82360375323316,337.30257365930305,331.7065067534381,335.7736511230469,27434400,0.004364196880606519,330.1490260532924,320.25489095052086,326.1698959350586,342.3431295001522,309.996662369965,0.19672512191469047,1.1120661125930478,False
2026-01-29,340.06060015063264,342.0492210013424,326.3103005061971,338.0120544433594,39785600,0.006666405517007812,332.4688197544643,321.25518697102865,327.38903656005857,343.255032553432,311.52304056668515,0.19609535087011012,1.1261460017783231,False
2026-01-30,339.76083067041884,339.76083067041884,332.0562627255977,337.7622375488281,31024000,-0.0007390768797954639,333.8421369280134,322.3021169026693,328.6381576538086,343.5673560375269,313.7089592700903,0.19480271348219944,1.1245746164253392,False
2026-02-02,335.983495554882,344.5874244246442,335.3939142353609,343.4482421875,32006100,0.01683434086633162,335.7193865094866,323.86668294270834,330.06415405273435,344.92770227844403,315.2006058270247,0.16706469690133696,1.160340429714199,False
2026-02-03,347.09564553860224,348.7544814019383,337.2325938809106,339.47100830078125,36506700,-0.011580300604792315,337.4010576520647,325.10747578938805,331.22183685302736,345.1547877384115,317.2888859676432,0.1679729032274431,1.1353230381294224,False
2026-02-04,342.7187296036167,343.0684894885568,328.2888852617291,332.80572509765625,70618400,-0.01963432234313034,337.3696507045201,325.9695353190104,332.1561798095703,343.5315083800142,320.7808512391264,0.17751727482222626,1.0933974172920768,False
2026-02-05,312.0003564748562,332.45595718246585,306.24439883874277,331.0169677734375,88205800,-0.005374779306136834,336.89855521065846,326.6846984863281,332.61935272216795,342.91429422306516,322.32441122127074,0.17816362702175392,1.082145868174095,False
2026-02-06,326.94984200428365,330.147603202773,319.694969697787,322.63287353515625,56380500,-0.02532829146093707,335.02130126953125,326.9681650797526,332.49044342041014,343.2308957717088,321.7499910691115,0.19120792459272565,1.0294086707607955,False
2026-02-09,320.70422803551696,327.4694850607409,317.03682684844796,324.09185791015625,39640100,0.004522119395378388,333.03270176478793,327.308925374349,332.278092956543,343.52036331481463,321.03582259827135,0.19140165180885713,1.0385858990719918,False
2026-02-10,320.7441987510988,321.4437184993816,314.38865715458337,318.3558654785156,39170000,-0.017698662560139744,330.26036289760043,327.47780558268227,331.61455993652345,344.469576653419,318.7595432196279,0.1989171519268604,1.0025056551444576,False
2026-02-11,318.7456164455411,320.8341425405983,309.44216816023624,310.7412414550781,45406400,-0.023918591893986596,325.5879342215402,327.3911997477214,330.3649383544922,346.0757570172351,314.6541196917493,0.21125076113976562,0.954608539613657,False
2026-02-12,311.87044586439265,316.0175203045161,306.9839017615506,308.7826232910156,47761300,-0.006303051873291943,321.2038792201451,327.2296457926432,329.02388153076174,347.23217382987065,310.81558923165284,0.21195628855528864,0.9422885405964927,False
2026-02-13,307.5135396808651,308.41290048065196,303.4963480144474,305.50494384765625,38499700,-0.010614844217675667,317.3037676130022,326.9871500651042,327.67183380126954,348.59273360344645,306.75093399909264,0.21392354849400125,0.9216714503122843,False
2026-02-17,299.82893803190484,304.22583664461854,296.04159566157676,301.8075256347656,39247600,-0.012102646085931701,313.1309901646205,326.54979044596354,326.27381744384763,350.13516860856066,302.4124662791346,0.21515645858228352,0.8984141408557156,False
2026-02-18,301.87748970860525,305.1651838815364,301.0380842700908,303.1166076660156,28482100,0.004337473124623736,310.3429521833147,326.109765625,325.3409729003906,351.3088838381808,299.37306196260045,0.2151396010187791,0.906648461171083,False
2026-02-19,301.6076886754516,305.25511494304027,299.828942056139,302.636962890625,25834400,-0.0015823770894107803,307.27796718052457,325.72703552246094,324.0653701782227,351.8923642804409,296.23837607600444,0.21448278006556276,0.9036314243285655,False
2026-02-20,304.1059184917761,316.2773425544253,303.68620054308417,314.7584228515625,53210800,0.040052807314611805,306.7640468052455,325.4938659667969,323.2879165649414,351.2491267864898,295.32670634339297,0.23463432109665186,0.9798772069652375,False
2026-02-23,318.82555353627805,319.29522413676915,309.65201848441603,311.2708740234375,31423000,-0.011080081023819632,306.83970860072543,325.02919311523436,322.46649475097655,350.8441854207524,294.0888040812007,0.233967463220096,0.9579400070948489,False
2026-02-24,310.3015673465962,312.05033638585,305.71479964031533,310.6813049316406,25615600,-0.0018940708591722588,307.11094883510043,324.44060770670575,321.34928131103516,349.7359962897192,292.9625663323511,0.23164354941405801,0.954231529983403,False
2026-02-25,311.84046520002283,313.4193707572093,309.22231323387047,312.67987060546875,29963600,0.00643284820201151,308.1359383719308,323.8090525309245,320.26754302978514,348.21950045751396,292.31558560205633,0.23029377505148124,0.9668028047673709,False
2026-02-26,312.42009761480955,312.9197459051382,302.1373272609355,307.1637878417969,36431200,-0.017641310753361283,308.90111868722096,322.8567230224609,318.83704986572263,346.37295728313194,291.3011424483133,0.23059956626495207,0.9321058252978871,False
2026-02-27,303.92607541564644,312.1502667227519,303.5862877430576,311.54071044921875,44640600,0.014249474647304972,310.1045619419643,322.05462137858075,317.51348266601565,343.67932461335033,291.34764071868096,0.2358057696700106,0.9596373182713795,False
2026-03-02,303.0166882830762,308.27296712894787,301.088022863519,306.3043518066406,34790200,-0.016807943446709328,310.6284746442522,321.1799031575521,315.9405883789062,340.7270287059595,291.1541480518529,0.2387542169475672,0.9266998450498132,False
2026-03-03,298.37994467731505,303.72618716624237,296.5012623376298,303.3664245605469,35497000,-0.009591529564517476,309.0010463169643,320.2998555501302,313.9364974975586,335.6492499322319,292.2237450628853,0.23903895254719887,0.9082198465240667,False
2026-03-04,302.6769571429086,305.2551289128473,300.5384478137644,302.9167785644531,29536200,-0.0014821877429089803,307.80760410853793,319.6712982177734,312.10878601074216,330.7011985248418,293.51637349664253,0.23012466297923714,0.905391506456773,False
2026-03-05,302.82681905445145,303.08661540637286,297.78035344585857,300.6683349609375,35752300,-0.007422644642436693,306.37717982700894,318.7552754720052,310.5019165039063,326.9997607338221,294.00407227399046,0.2211466302563683,0.8912484623996273,False
2026-03-06,295.88171424137005,300.31859339921897,294.97235071392555,298.30999755859375,25576900,-0.007843650721151452,304.3243408203125,317.6886922200521,308.86656799316404,323.1356945408435,294.5974414454846,0.2197681005262616,0.8764141700336499,False
2026-03-09,294.3599853515625,306.79998779296875,294.0799865722656,306.3599853515625,29312100,0.026985310109787886,304.20951189313615,316.9773813883464,308.05292358398435,320.79051248936645,295.31533467860226,0.2360745884882374,0.9270497883064082,False
2026-03-10,306.1700134277344,309.510009765625,305.57000732421875,307.0400085449219,23239700,0.002219686727622072,303.5665544782366,316.11119588216144,307.20033111572263,317.4591872851661,296.9414749462792,0.23000104595603932,0.9313272351449788,False
2026-03-11,306.75,311.4200134277344,305.9200134277344,308.70001220703125,24125700,0.0054064734754804,303.9087916782924,315.2573750813802,306.71753845214846,315.5796510479299,297.85542585636705,0.23041937269140036,0.941768904614263,False
2026-03-12,306.82000732421875,308.94000244140625,301.0299987792969,303.54998779296875,24928300,-0.016682942048633964,303.9350149972098,314.1832529703776,306.357975769043,315.115630144352,297.60032139373396,0.23298966646384653,0.9093744865067437,False
2026-03-13,307.010009765625,307.69000244140625,300.44000244140625,302.2799987792969,23693100,-0.004183788716005665,303.8440464564732,312.9921844482422,306.03284454345703,314.8937010743916,297.1719880125225,0.23108966234437403,0.9013860670754676,False
2026-03-16,304.3500061035156,306.489990234375,303.0199890136719,305.55999755859375,23519700,0.010850862751563328,304.5428553989955,311.9187764485677,306.0355972290039,314.89579743197527,297.1753970260325,0.2347555553816981,0.9220177463270383,False
2026-03-17,305.8599853515625,311.4200134277344,305.5,310.9200134277344,21955200,0.01754161510658081,306.3442862374442,310.8345021565755,306.49122161865233,315.3731253001132,297.60931793719146,0.2352891685503522,0.955733041861125,False
2026-03-18,309.2699890136719,312.4700012207031,306.92999267578125,307.69000244140625,20009800,-0.010388559265513075,306.53428867885043,309.77513529459634,306.7198913574219,315.4704976031886,297.96928511165515,0.23494567465497368,0.9354157932482285,False
2026-03-19,304.010009765625,308.05999755859375,302.3500061035156,307.1300048828125,25075800,-0.0018200057010314685,306.5471452985491,308.9192779541016,306.9445434570313,315.4819014588921,298.40718545517046,0.2297097795943969,0.9318933254706505,False
2026-03-20,305.4599914550781,306.0,298.2699890136719,301.0,44364100,-0.019958990607744198,305.4471435546875,307.91871236165366,306.2566223144531,314.3485541454591,298.16469048344715,0.23508217893253014,0.8933346847324182,False
2026-03-23,302.1099853515625,305.9800109863281,300.92999267578125,302.05999755859375,29326900,0.00352158657340107,305.23428780691967,307.2329498291016,305.79607849121095,313.7333840193945,297.8587729630274,0.22602894224211845,0.9000022267371264,False
2026-03-24,299.20001220703125,299.9200134277344,290.3299865722656,290.44000244140625,36864300,-0.03846916245483134,303.54285975864957,306.11122131347656,304.78401336669924,314.9480574067122,294.61996932668626,0.2483327609722358,0.8269107324122347,False
2026-03-25,293.44000244140625,296.0,289.239990234375,290.92999267578125,29460700,0.0016870618036641805,301.4528590611049,305.1970255533854,303.69651947021487,314.90411535962295,292.4889235808068,0.2450555795682405,0.8299928437275914,False
2026-03-26,287.9100036621094,287.95001220703125,278.5,280.9200134277344,39080600,-0.034406831540405025,297.1671447753906,304.20298461914064,302.3843307495117,317.38579713021545,287.382864368808,0.25457909788277516,0.7670285882333094,False
2026-03-27,277.2799987792969,279.3699951171875,273.95001220703125,274.3399963378906,35890600,-0.023423098303163248,292.4028581891741,303.0548970540365,300.5242950439453,319.45580437477173,281.5927857131189,0.2611244070943252,0.7256393039066209,False
2026-03-30,276.4200134277344,277.0899963378906,272.1099853515625,273.5,35141200,-0.0030618806922197983,287.59857177734375,301.9880655924479,298.88407745361326,321.10548442929456,276.66267047793195,0.26032880768855693,0.7203556022402535,False
2026-03-31,278.0400085449219,288.0799865722656,277.0899963378906,287.55999755859375,43875400,0.05140766931844154,285.67857142857144,301.5131479899089,298.0937561035156,320.7637367227022,275.423775484329,0.3036692779152123,0.8087950741503489,False
2026-04-01,290.8399963378906,300.5199890136719,290.4100036621094,297.3900146484375,37684500,0.03418422998087833,285.0114310128348,301.3222615559896,297.81741790771486,320.3743146309165,275.2605211845132,0.3204562936821384,0.8706273409533842,False
2026-04-02,290.69000244140625,298.0799865722656,289.45001220703125,295.7699890136719,21666500,-0.005447478243950976,285.7728576660156,301.09336242675784,297.57250061035154,320.1054196813766,275.0395815393265,0.32077165909394034,0.8604371392110008,False
2026-04-06,295.8699951171875,300.6199951171875,295.17999267578125,299.989990234375,16945500,0.014267847913765452,287.06714303152904,300.6010813395182,297.6565002441406,320.21350795165705,275.09949253662415,0.30045919532811105,0.8869815733663844,False
2026-04-07,302.7300109863281,305.6300048828125,297.7200012207031,305.4599914550781,23205400,0.01823394579408988,290.5728541782924,300.4073852539062,297.6115005493164,320.0988848816314,275.1241162170014,0.30426439103018266,0.9213886930895934,False
2026-04-08,320.45001220703125,322.0799865722656,315.0199890136719,317.32000732421875,33547100,0.03882674065642666,296.71285574776783,300.62867533365886,298.12550048828126,321.95045960150395,274.3005413750586,0.3247837507002394,0.9959899535763737,False
2026-04-09,315.9100036621094,319.5400085449219,311.05999755859375,318.489990234375,23739200,0.0036870757694167366,303.13999720982144,300.8223459879557,298.61499938964846,323.7224995296757,273.5074992496212,0.324475084904508,1.0033493197702041,False
2026-04-10,320.0199890136719,321.8299865722656,316.32000732421875,317.239990234375,19152600,-0.0039247701288198655,307.3799961635045,301.15821940104166,299.29949951171875,325.6873018799579,272.9116971434796,0.3201013827658822,0.9954866342023785,False
2026-04-13,317.1400146484375,321.6300048828125,315.4700012207031,321.30999755859375,18866400,0.012829427088343559,310.79713657924106,301.4838623046875,300.2509994506836,328.40461246133935,272.09738644002783,0.31962720848303966,1.0210875844816418,False
2026-04-14,324.7900085449219,333.2900085449219,323.75,332.9100036621094,27721400,0.03610222586180267,316.1028529575893,302.37071736653644,301.6184997558594,333.294481358593,269.9425181531258,0.3302963363365783,1.0940533449430832,False
2026-04-15,332.8900146484375,337.4800109863281,330.8999938964844,337.1199951171875,24918800,0.012646034690357633,321.40713936941967,303.49583638509114,302.92849884033205,338.1884751490543,267.6685225316098,0.32922308213285256,1.120534816186693,False
2026-04-16,338.75,339.8800048828125,334.5199890136719,336.0199890136719,20541500,-0.0032629512323445464,325.7728533063616,304.5992767333984,304.3449981689453,342.56254322361013,266.1274531142805,0.32950836942243955,1.1136156144949871,False
2026-04-17,337.6499938964844,342.32000732421875,336.239990234375,341.67999267578125,25581900,0.016844246911391636,329.2528512137277,305.9663319905599,306.07249755859374,347.78383397582616,264.3611611413613,0.3299153339400961,1.1492178777813136,False
2026-04-20,340.760009765625,341.3999938964844,336.6099853515625,337.4200134277344,18784200,-0.012467745666598473,331.95714024135043,307.26999918619794,307.8934982299805,351.7949061510798,263.9920903088812,0.3316836222985138,1.1224219758990297,False
2026-04-21,337.69000244140625,339.3399963378906,331.3500061035156,332.2900085449219,23123800,-0.015203617683191117,334.10714285714283,308.13433329264325,309.4049987792969,354.5254270857803,264.28457047281347,0.3291659379043215,1.0901534836150577,False
2026-04-22,337.0199890136719,339.82000732421875,335.1700134277344,339.32000732421875,20293000,0.02115621474771645,336.6800013950893,309.2103332519531,311.8489990234375,357.9291943273954,265.7688037194796,0.33336527588763093,1.1343732195701053,False
2026-04-23,341.17999267578125,341.9599914550781,336.17999267578125,338.8900146484375,18650300,-0.0012672187507363208,337.53428867885043,310.21666666666664,314.2470001220703,360.7333974771747,267.76060276696586,0.33360331703558066,1.1316685018051964,False
2026-04-24,338.7300109863281,345.2699890136719,335.3900146484375,344.3999938964844,26426100,0.016258901147509164,338.5742885044643,311.5783335367839,317.42099914550784,362.9857801107248,271.85621818029085,0.3300766417388451,1.1663270892553061,False
2026-04-27,345.9800109863281,353.17999267578125,342.7300109863281,350.3399963378906,28576900,0.017247394154111362,340.6200038364955,313.1803334554036,321.2209991455078,364.26466505077724,278.17733324023834,0.3310621256769708,1.203690586430421,False
2026-04-28,348.54998779296875,352.4200134277344,346.1199951171875,349.7799987792969,27824100,-0.0015984402707296397,341.7771475655692,314.6543334960937,325.03499908447264,363.5549525443831,286.51504562456216,0.3311620988765993,1.2001681186528428,False
2026-04-29,347.57000732421875,355.7900085449219,344.2099914550781,349.94000244140625,35376300,0.000457440856160396,343.5657174246652,315.9549997965495,328.1539993286133,363.8996139187173,292.40838473850926,0.3291117664625049,1.201174565440736,False
2026-04-30,374.07000732421875,385.8399963378906,365.82000732421875,384.79998779296875,72040000,0.09961703465838956,351.06714303152904,318.52533264160155,332.52449798583984,373.43422571064923,291.61477026103046,0.42680175809041426,1.4204490484154113,True
2026-05-01,381.6300048828125,386.760009765625,379.04998779296875,385.69000244140625,30105200,0.0023129279539280123,357.6914280482701,321.143999226888,337.02049865722654,380.5998857460983,293.44111156835476,0.4261580151318182,1.4260473726805496,False
2026-05-04,385.6300048828125,387.3800048828125,379.7900085449219,383.25,26298600,-0.006326330539970226,364.02856881277904,323.8856658935547,341.1834991455078,385.7641674351936,296.60283085582205,0.42018695935107164,1.410699395095346,False
2026-05-05,386.2300109863281,392.82000732421875,384.0199890136719,388.42999267578125,23878600,0.013515962624347733,370.31856863839283,326.76466573079426,345.33199920654295,391.3347039864191,299.3292944266668,0.4201741277427269,1.4432823180179923,False
2026-05-06,394.25,399.8500061035156,392.760009765625,398.0400085449219,31308500,0.024740663827064413,377.1328560965402,330.35133260091146,349.3679992675781,399.04031211657684,299.6956864185794,0.3977925127399879,1.5037307444826862,False
2026-05-07,399.9200134277344,400.1000061035156,392.67999267578125,397.989990234375,24433500,-0.0001256615151068452,384.0199977329799,333.9199991861979,353.34299926757814,405.28323357915576,301.4027649560005,0.39819002091298006,1.503416121883915,False
2026-05-08,397.0,402.0,396.3599853515625,400.79998779296875,21461800,0.00706047294540979,391.2857099260603,337.91599833170574,357.5209991455078,410.6625530234497,304.3794452675659,0.3747324132974977,1.521091423683579,False
2026-05-11,393.6499938964844,397.44000244140625,388.4700012207031,388.6400146484375,30753700,-0.030339255276655375,391.8342851911272,341.7259989420573,360.8875,412.8887297132909,308.8862702867091,0.3809267010521877,1.4446033874046567,False
2026-05-12,387.3399963378906,388.5199890136719,382.7699890136719,387.3500061035156,25946800,-0.0033192890497619754,392.07142857142856,345.5209991455078,363.6095001220703,415.1416989888178,312.0773012553228,0.3810155453198281,1.4364890421498333,False
