Date,Open,High,Low,Close,Volume,Daily_Return,MA_7,MA_30,BB_Middle,BB_Upper,BB_Lower,Volatility_30,Cumulative_Return,Daily_Return_Outlier
2025-05-06,428.91639204817295,434.4043769104007,427.8942186382879,430.0179443359375,15104200,,430.0179443359375,430.0179443359375,430.0179443359375,,,,0.0,False
2025-05-07,430.54391525930873,434.79139692835327,427.83464541633373,430.0576477050781,23295300,9.232956359972455e-05,430.0377960205078,430.0377960205078,430.0377960205078,430.0939450636184,429.98164697739725,,9.232956359972455e-05,False
2025-05-08,434.60283673184324,440.29924790125443,432.3500938706748,434.8410339355469,23491300,0.01112266287088337,431.6388753255208,431.6388753255208,431.6388753255208,437.1853188390539,426.09243181198775,,0.01121601938509209,False
2025-05-09,436.6570993033328,437.3914674607305,432.5684058555715,435.3967590332031,15324200,0.0012779959899980042,432.5783462524414,432.5783462524414,432.5783462524414,438.46310456464136,426.69358794024146,,0.01250834940288792,False
2025-05-12,442.55201785730986,445.9559515066627,436.4388142071549,445.8468017578125,22821900,0.024001195479299575,435.23203735351564,435.23203735351564,435.23203735351564,448.147698950707,422.31637575632425,,0.036809760221329535,False
2025-05-13,444.37803887168343,447.24609694771215,441.9764112331301,445.72772216796875,23618800,-0.0002670863385679789,436.9813181559245,436.9813181559245,436.9813181559245,451.3650260023304,422.5976103095186,,0.036532842498680385,False
2025-05-14,444.73528972695,450.45150777480933,444.73528972695,449.4988098144531,19902800,0.008460518515972515,438.76953125,438.76953125,438.76953125,454.95424562696735,422.58481687303265,,0.0453024478050541,False
2025-05-15,448.16655392379437,453.55526390744575,447.82852124457236,450.512939453125,21992300,0.002256134202202942,441.6973876953125,440.2374572753906,440.2374572753906,457.3686593997199,423.10625515106136,,0.047660790409193465,False
2025-05-16,449.43915228561843,451.73580834700897,446.1383501578063,451.6463317871094,23849800,0.002515781978116305,444.781485421317,441.5051099989149,441.5051099989149,459.24329730300707,423.76692269482277,,0.050296476544883895,False
2025-05-19,448.27591363294266,456.9355998797858,448.1963586877965,456.2197570800781,21336500,0.010126120752209422,447.83558872767856,442.97657470703126,442.97657470703126,462.11531183616836,423.83783757789416,,0.06093190549199745,False
2025-05-20,452.9587181303489,455.69283539558984,451.69606398891386,455.5238342285156,15441800,-0.001525411472787952,450.7108851841518,444.1172346635298,444.1172346635298,463.7872819183841,424.4471874086755,0.12435029566844485,0.05931354779151321,False
2025-05-21,451.94462570262056,455.1360777634671,449.20055644956204,449.9561767578125,19216900,-0.012222538212808609,451.29793875558033,444.6038131713867,444.6038131713867,463.6590347279736,425.5485916147998,0.1461602433512179,0.04636604747428552,False
2025-05-22,452.32241705541014,457.5917944035942,451.27846319798533,452.23291015625,18025600,0.0050599003103872775,452.2272513253348,445.190666785607,445.190666785607,463.91903204826707,426.4623015229469,0.1394183731802455,0.05166055536267944,False
2025-05-23,447.3811293692874,451.06969358680703,446.3173019248347,447.5799560546875,16883500,-0.010288844524727003,451.95312935965404,445.361330304827,445.361330304827,463.40022789122736,427.3224327184266,0.14802150339310963,0.040840183415764786,False
2025-05-27,453.8435898996704,458.2877744248074,453.48565331857327,458.0292663574219,20974300,0.02334624274697772,453.02689034598217,446.205859375,446.205859375,464.77875897559477,427.6329597744052,0.16609045144256238,0.06513989099859807,False
2025-05-28,458.55619745791415,459.84867709346275,454.2909661144885,454.7184753417969,17086300,-0.007228339450783938,453.4657679966518,446.7378978729248,446.7378978729248,465.1789368146908,428.2968589311588,0.16719292044827475,0.05744069830388909,False
2025-05-29,458.884303233251,459.05333474747385,452.68035209769624,456.0308837890625,13974800,0.002886199964228675,453.4387860979353,447.28454410328584,447.28454410328584,465.7002256085388,428.8688625980329,0.16156280585528612,0.06049268360950766,False
2025-05-30,457.0648535034259,459.0135248792732,452.90900269221845,457.7011413574219,34770500,0.0036625974856825394,453.7498299734933,447.86324395073785,447.86324395073785,466.3916114946172,429.3348764068585,0.15643270339620005,0.06437684144608058,False
2025-06-02,454.4997588416313,459.44102500437896,454.25120274050374,459.3018493652344,16626500,0.003497277728137682,455.08492606026783,448.4652758146587,448.4652758146587,467.2209090734059,429.7096425559115,0.15176434504940836,0.06809926286801549,False
2025-06-03,458.8047753297213,461.4593680607732,458.1982826150306,460.2961120605469,15743800,0.0021647260874011476,456.23681204659596,449.05681762695315,449.05681762695315,468.06347716444975,430.05015808945654,0.14759570426658872,0.07041140520627986,False
2025-06-04,461.3201720094852,463.00041385639463,460.3458210681402,461.19091796875,14162700,0.0019439788535198232,458.18123517717635,449.63463192894346,450.61546630859374,468.10002935167665,433.1309032655108,0.14378346427575553,0.07249226234256723,False
2025-06-05,462.2745901279283,466.93750520910584,461.3499686746429,464.9788818359375,20131700,0.008213439856688876,459.17403738839283,450.3320978338068,452.36152801513674,468.08834994490667,436.6347060853668,0.14107315942156848,0.08130111303608212,False
2025-06-06,467.37496597576217,470.6061954238558,466.0725343793748,467.6632995605469,15285600,0.005773203535631932,461.02329799107144,451.08562834366506,454.00264129638674,468.8573258429699,439.1479567498036,0.13784073680769127,0.08754368444494487,False
2025-06-09,466.98725027602023,470.69568816704816,465.9134708467471,470.0196228027344,16469900,0.005038503650813819,463.02168927873885,451.87454477945965,455.7337844848633,469.4877929620188,441.9797760077078,0.1347282725714292,0.09302327726944015,False
2025-06-10,468.46859445832456,470.06928116822303,464.26301435042564,468.2001647949219,15375900,-0.003871025632851355,464.5215497698103,452.52756958007814,456.85145263671876,470.8532955777295,442.849609695708,0.13415681954950434,0.08879215614582692,False
2025-06-11,467.3053910772251,472.72392676786,466.94748481913814,469.890380859375,16399200,0.0036100287687712562,466.03419712611606,453.1953700138972,458.05958557128906,472.1892832489115,443.9298878936666,0.13133217350204027,0.09272272715272578,False
2025-06-12,472.2764779222473,477.6453141185156,470.7851412769109,476.104248046875,18950600,0.013224078297018105,468.2925022670201,454.0438469780816,459.38985748291014,475.0524860739684,443.7272288918519,0.13213095909122674,0.10717297805352466,False
2025-06-13,473.65849556523114,476.412486495024,470.02958222474376,472.21685791015625,16814500,-0.008164997797574847,469.86763654436385,454.6928830827986,460.47505340576174,476.55013677786536,444.3999700336581,0.1347533495995107,0.09813291312618322,False
2025-06-16,472.4653860858625,477.91374692205306,472.25660744971805,476.3727111816406,15626100,0.00880073043109153,471.49532645089283,455.44046336206895,461.7113723754883,478.7046153433739,444.71812940760265,0.13318440751777819,0.10779728487211604,False
2025-06-17,472.65428568792316,475.97499162724574,471.3419021646973,475.279052734375,15414100,-0.0022958041499749893,472.58329119001115,456.10174967447915,462.6643371582031,480.4787029188843,444.8499713975219,0.1319720485136648,0.10525399926817558,False
2025-06-18,475.2392860574369,478.2219594008936,471.71972301658775,477.4663391113281,17526500,0.0046021097802841915,473.64710780552457,457.68336283365886,463.76146240234374,482.40752327669543,445.11540152799205,0.12971675955427572,0.11034049950790581,False
2025-06-20,479.44488246554124,480.667759158903,474.1158234691147,474.64276123046875,37576200,-0.0059136689847386625,474.5674787248884,459.16953328450523,464.99579162597655,483.05303635332666,446.93854689862644,0.13224205042102408,0.10377431333346676,False
2025-06-23,475.4480376949825,484.9329468840925,469.78097686904323,483.19305419921875,24864000,0.018014164898636942,476.46786063058033,460.78126729329426,466.543798828125,485.28933645696304,447.7982611992869,0.1371881904492612,0.12365788582473569,False
2025-06-24,486.1260232932434,489.0092679302753,483.9884166007436,487.279296875,22305600,0.008456749616472248,478.06429617745533,462.51068522135415,468.5287658691406,487.22669017364314,449.8308415646381,0.13772875514819025,0.13316037921973,False
2025-06-25,489.1981971647186,491.70363180611855,486.5635084927723,489.4268493652344,17495100,0.004407231138295886,480.52286638532365,463.9633534749349,470.09864501953126,490.29691886988945,449.90037116917307,0.12374835036494693,0.13815447892771027,False
2025-06-26,490.13278082199906,495.1635541172166,489.9637493151316,494.57696533203125,21578900,0.010522749157461098,483.12347412109375,465.59166158040364,472.091569519043,493.71544692015567,450.4676921179303,0.12510866390014727,0.15013099301190747,False
2025-06-27,494.6763398018984,496.41623250794254,490.18245642116284,493.0756530761719,34539200,-0.0030355482788234633,485.6658455984933,467.0442230224609,473.9438079833984,496.11459360139384,451.773022365403,0.12558549291175877,0.14663971485564864,False
2025-06-30,494.16931223084276,497.86782827206525,492.4691666337086,494.53717041015625,28369000,0.002964083350833313,488.1045357840402,468.51169738769534,475.78560943603514,498.3909206236126,453.1802982484577,0.12555997475981545,0.15003845054385656,False
2025-07-01,493.602615314542,495.17347659984546,488.14433277768,489.2081298828125,19945400,-0.01077581392501592,490.185302734375,469.7637573242188,477.2809234619141,499.2425209223468,455.3193260014814,0.13188686166034017,0.1376458501941824,False
2025-07-02,487.16000918956547,490.6497465796282,485.87748154577724,488.253662109375,16319600,-0.0019510464261216498,490.9082467215402,470.83155415852866,478.67880096435545,499.62392635713127,457.7336755715796,0.13061625683331107,0.13542625032396893,False
2025-07-03,490.95797554637323,497.2414813819725,490.59011735274714,495.95892333984375,13984800,0.015781266641565317,492.148193359375,472.1793904622396,480.41720123291014,501.0194631778897,459.8149392879306,0.13574548382727536,0.15334471473216427,False
2025-07-07,494.50739577153047,495.869478507003,492.36981912542933,494.8454284667969,13981600,-0.0022451352735998187,492.92227608816967,473.6756988525391,481.9105285644531,502.12716679747103,461.69389033143517,0.12901662457989602,0.15075529983049907,False
2025-07-08,494.3681843595188,495.32266173239384,491.2562567966873,493.75177001953125,11846600,-0.002210101143409915,492.8043910435268,475.0596608479818,483.21495208740237,502.9211372891457,463.50876688565904,0.1298271861322235,0.1482120142265586,False
2025-07-09,497.4105072423231,503.8530929514779,496.85374394735805,500.60198974609375,18659500,0.013873813001807678,493.8795819963728,476.8270619710286,484.7440704345703,504.88051839106373,464.60762247807685,0.12725527978766396,0.1641420929983668,False
2025-07-10,500.14458849842043,501.52657502305914,494.87521114411277,498.58367919921875,16492100,-0.004031766929050162,494.45765468052457,478.1788757324219,486.2632461547852,505.7173195045402,466.80917280503013,0.11478436203696887,0.15944854340710068,False
2025-07-11,495.5910910122862,502.1132013481938,494.92494724269005,500.4130859375,16459500,0.0036692070250263775,496.05836268833707,479.7020294189453,487.7893814086914,506.61408566243523,468.96467715494754,0.11073798017274668,0.16370280014772653,False
2025-07-14,498.6234399223271,501.05930198422453,498.1362796464767,500.1147766113281,12058800,-0.0005961261496849612,497.7528076171875,481.17149251302084,488.9899078369141,507.73923950087595,470.2405761729522,0.11128786110284093,0.16300908647809687,False
2025-07-15,500.11477392946824,505.36427783294863,499.88612172349406,502.89862060546875,14927200,0.005566410200881,498.7441929408482,482.6780751546224,490.5239959716797,508.49971871503243,472.548273228327,0.11150742719722101,0.16948287212078594,False
2025-07-16,502.2623068754336,503.793421043838,498.99133023831314,502.69976806640625,15154400,-0.0003954127748910796,499.8662414550781,484.1246724446615,491.840348815918,509.30119980727466,474.3794978245613,0.11197722554107187,0.16902044365313307,False
2025-07-17,502.75940886082554,510.40499725185873,502.6997578215743,508.7446594238281,17503100,0.012024854080743053,502.0080827985491,485.7396240234375,493.5136291503906,510.70400653854904,476.3232517622322,0.1149170073070786,0.1830777439054676,False
2025-07-18,511.5085634207008,511.66767331118785,504.4992933518648,507.1041564941406,21209700,-0.003224609633338371,502.9369637625558,487.2700653076172,494.9955200195312,511.45558339455977,478.5354566445027,0.11643931587721747,0.1792627800154818,False
2025-07-21,503.7834776665751,509.1324405638626,502.6301736290422,507.1141357421875,14066800,1.9678892233532252e-05,504.15560041155135,488.67457377115886,496.6190887451172,510.8860292465991,482.3521482436353,0.115790103961353,0.17928598660064465,False
2025-07-22,508.01883675363734,508.2475192857543,502.35174560546875,502.35174560546875,13868600,-0.009391160295204037,504.4325517926897,489.8308553059896,497.5770233154297,510.56360535250326,484.59044127835614,0.12077820994962603,0.16821112286659012,False
2025-07-23,503.8232255681408,503.8630030405687,497.80817995491657,502.94830322265625,16396600,0.0011875296988737016,504.83734130859375,490.92847798665366,498.3604736328125,510.6004024834872,486.1205447821378,0.12056706165777832,0.16959840826954875,False
2025-07-24,505.83158338819493,510.703277326071,504.37007217269974,507.9294128417969,16107000,0.009903820307622047,505.55602591378346,492.25278625488284,499.2856018066406,511.4793278815424,487.0918757317388,0.12106185037245935,0.18118190073713114,False
2025-07-25,509.5101527540243,515.2965460849812,507.4123538189797,510.7430419921875,19125700,0.005539409766897929,506.70506504603793,493.6145416259766,500.0939056396484,513.0902420908627,487.0975691884341,0.1213103184987874,0.18772495129455757,False
2025-07-28,511.110930710653,512.0256002286585,507.17377997770546,509.5400390625,14308000,-0.0023553975889619716,506.81869070870533,494.72906799316405,500.91712493896483,514.1257137139746,487.70853616395505,0.11804897860660468,0.18492738680792842,False
2025-07-29,512.5525452747698,514.6304403339567,508.6054427654301,509.609619140625,16469200,0.00013655468224449407,507.1766139439174,495.975493367513,501.6707473754883,515.065279511278,488.27621523969856,0.11404310269521806,0.18508919419071668,False
2025-07-30,512.194633411811,512.9701576717969,506.4977462813353,510.2757873535156,26380400,0.0013072127916542442,507.62827845982144,497.1055959065755,502.72413024902346,515.2792856303914,490.1689748676555,0.11254265379591363,0.18663835794461403,False
2025-07-31,552.0232408256204,552.2420017670738,528.8280273057109,530.4187622070312,51617300,0.03947468281414013,511.63785226004467,498.94358622233074,504.83238525390624,520.8419551510551,488.8228153567574,0.15482965641803897,0.23348053073956976,False
2025-08-01,531.9100652869249,532.7054326872741,517.8517174087783,521.0829467773438,28977600,-0.017600839364810383,514.228515625,500.39747314453126,506.0885864257813,523.0792132856761,489.09795956588647,0.16664113970324518,0.21177023805840145,False
2025-08-04,525.218957545317,535.141297909759,525.0797515616827,532.54638671875,25349000,0.021999261369619383,517.7452261788504,502.3275939941406,507.97363433837893,527.8351291566872,488.1121395200706,0.17321683738300592,0.2384282882453741,False
2025-08-05,534.0774948252555,534.196796907337,524.1949011418618,524.7019653320312,19171600,-0.014730024618234028,519.7393580845425,503.7112243652344,509.5211441040039,529.5393202742505,489.50296793375725,0.1760088369648492,0.22018620907160225,False
2025-08-06,527.8338028961505,528.6291703469228,521.0034855448089,521.908203125,21355700,-0.0053244744476292905,521.5062386648996,504.8655212402344,510.5864547729492,530.8720224812146,490.3008870646839,0.17669732982472486,0.2136893587800508,False
2025-08-07,523.757448292983,525.0400367197672,514.5608717763297,517.8319091796875,16079100,-0.007810365732719093,522.6808515276227,505.81235656738284,511.54886627197266,531.2548658507233,491.84286669322205,0.17899459679887822,0.20421000100206932,False
2025-08-08,519.5816656001966,521.6297655095517,516.4100872243725,519.02490234375,15531000,0.00230382319612632,523.9307250976562,506.6272878011068,512.4794570922852,531.7236825738546,493.2352316107158,0.17714677467543247,0.20698428793538515,False
2025-08-11,519.2833770884752,524.542862850504,516.7182612189127,518.7564697265625,20194400,-0.0005171863931293652,522.2646833147321,507.4833150227865,513.4115417480468,531.9261501847759,494.89693331131775,0.1767154279472313,0.206360052084944,False
2025-08-12,520.7250669698358,527.9132904806338,519.6811434112465,526.183349609375,18667000,0.014316698328075361,522.9933122907366,508.53818766276044,514.5757781982422,533.234737278438,495.9168191180465,0.1804158627437852,0.22363114502568537,False
2025-08-13,529.0368026236954,529.6234217995657,516.3703917601634,517.5734252929688,19619200,-0.016362973710205786,520.8543178013393,509.48369750976565,515.3194610595704,533.1527803702928,497.4861417488479,0.18456817986344534,0.20360890076864102,False
2025-08-14,519.5419572956574,522.9123929469488,517.13595097363,519.46240234375,20269100,0.0036496793661924265,520.1058088030134,510.52398885091145,515.8553482055664,533.4999210348132,498.2107753763197,0.1842543137495469,0.2080016873387418,False
2025-08-15,519.7507304052322,523.0614541020369,516.0820397908819,517.1657104492188,25213300,-0.004421286091483956,519.4283098493304,511.2308817545573,516.3584259033203,533.5195445240263,499.19730728261425,0.18051506747435203,0.20266076628002194,False
2025-08-18,518.5775833311014,519.8004600468895,511.05129658888984,514.1134643554688,23760600,-0.005901872517995788,518.8971034458706,511.87314961751304,516.7083923339844,533.3534635830297,500.0633210849392,0.1814755784631209,0.1955628157550422,False
2025-08-19,512.0255798217245,512.1846290296555,505.61282013208876,506.8257751464844,21481000,-0.01417525451919599,517.1543709891183,512.3089497884115,516.9320938110352,532.8699953791647,500.9941922429056,0.18674447947575354,0.17861540854802782,False
2025-08-20,506.925219770199,508.0486982628479,501.52658824278717,502.7991943359375,27723000,-0.007944704093597266,514.874760219029,512.3821899414063,516.9246383666992,532.8901979580503,500.9590787753482,0.18430160845948784,0.1692516578869594,False
2025-08-21,501.6041452591809,505.5278315490841,500.6381609615915,502.15185546875,18443300,-0.001287469977040212,511.44168962751115,512.5011291503906,516.6357604980469,533.4719540665081,499.79956692958564,0.1839239338936185,0.16774628148182535,False
2025-08-22,502.1618461633245,508.6150227226763,500.32946944945456,505.1295166015625,24324200,0.005929802111420912,509.6639883858817,512.6583435058594,516.3550842285156,533.7817223362507,498.9284461207805,0.18439964686173604,0.17467078584736018,False
2025-08-25,504.5319946732823,506.0855321115255,502.0323791323648,502.17181396484375,21638600,-0.005855335195253941,507.1939043317522,512.7269114176432,515.9866729736328,534.3084887159795,497.66485723128625,0.18526884273731015,0.16779269465215152,False
2025-08-26,502.2713680297872,502.88882606141556,496.4456179190968,499.96099853515625,30835700,-0.00440250800265396,504.73608834402904,512.6289906819661,515.5042419433594,535.0033542529677,496.00512963375104,0.18501334217082668,0.16265147796850465,False
2025-08-27,499.92117896114246,505.18928116929357,497.82986914621193,504.64154052734375,17277900,0.009361814233312282,503.3829563685826,512.693716430664,515.2225296020508,535.1967096030761,495.24834960102555,0.18704192952884657,0.17353600512333167,False
2025-08-28,504.99008260275673,508.9735181763212,503.406670609209,507.529541015625,18015600,0.005722875063482347,503.4834943498884,512.6532124837239,514.0780685424804,532.9803554136347,495.17578167132615,0.18445225137133855,0.18025200506315064,False
2025-08-29,506.5535790393771,507.4896888132377,502.40083415821226,504.59173583984375,20961600,-0.005788441732677008,503.7395717075893,512.5694651285808,513.2535079956054,532.3073503748257,494.1996656163853,0.18498880217454328,0.17342018510196744,False
2025-09-02,498.3974910813857,503.90458943006223,494.75264396148896,503.0282287597656,18128000,-0.0030985586346867766,503.8647678920201,512.4332682291666,511.77760009765626,529.0265964270732,494.5286037682393,0.185191841286707,0.16978427385530392,False
2025-09-03,501.70375627159575,505.68719181229375,500.2398424947412,503.2572937011719,16345100,0.00045537194199019027,503.59730747767856,512.4634531656901,510.70536651611326,527.2221529410225,494.188580091204,0.18313480195557338,0.17031696079179892,False
2025-09-04,502.2116394820944,506.04570238922344,501.0664078062513,505.866455078125,15509500,0.005184547565648234,504.1251133510045,512.5607248942057,509.90327911376954,525.6704317945345,494.1361264330046,0.18370207614769943,0.1763845247419089,False
2025-09-05,506.9619070760115,509.8498918622262,490.3310509759443,492.9501647949219,31994800,-0.025533004123011738,503.1235656738281,512.0614166259766,508.65919189453126,525.6697433728431,491.6486404162194,0.19584106116319883,0.14634789382142666,False
2025-09-08,496.04724781279185,499.1244784694731,492.9800158612091,496.13690185546875,16771000,0.006464623177218298,501.9086172921317,511.5745452880859,507.51479187011716,524.6681027917052,490.3614809485291,0.1961245648276631,0.15375860098498007,False
2025-09-09,499.3534910580183,500.17010260105087,495.6389570336189,496.34600830078125,14410500,0.0004214692447397361,500.3109697614397,511.13474426269534,506.39426879882814,523.3826631363562,489.4058744613,0.19610982228932008,0.15424487475114912,False
2025-09-10,500.8971201283455,501.1460848531792,494.6630336933239,498.29791259765625,21611800,0.003932547586223745,499.41185215541293,510.7576873779297,504.9999969482422,519.5525493366912,490.44744455979327,0.19657554725814946,0.15878399764726292,False
2025-09-11,500.17012751524385,501.08633106619584,495.8182290284252,498.9352722167969,18881600,0.0012790734278176341,498.82714407784596,510.3796702067057,504.0680892944336,517.5803485084083,490.5558300804589,0.1965730993096654,0.16026616746723388,False
2025-09-12,504.55191069082485,510.42747218178897,501.7635178992086,507.7884521484375,23624900,0.01774414523211698,499.47445242745533,509.6253265380859,503.484391784668,515.0675249660047,491.90125860333126,0.16566381368300678,0.18085409885068415,False
2025-09-15,506.68306017742736,513.3353599697668,504.9004642300766,513.225830078125,17143800,0.010707959006712509,500.52579171316967,509.36342264811196,503.28739776611326,513.9914907822508,492.58330474997575,0.1618807051724105,0.1934986361340858,False
2025-09-16,514.7395367165727,515.0880630075219,506.4938265025834,506.9320068359375,19711900,-0.012263262823754228,502.52319771902904,508.5096099853516,502.9283248901367,512.5281541159811,493.32849566429235,0.1506489682268252,0.17886244867938128,False
2025-09-17,508.5054498653079,509.1726886784055,503.8348693472275,507.9079284667969,15816600,0.0019251529153794245,504.20477294921875,507.94980875651044,502.98243255615233,512.6863894921556,493.27847562014904,0.1456849837717308,0.18113193915928782,False
2025-09-18,509.37184097126715,510.9453149965379,505.55771489166153,506.3444519042969,18913700,-0.003078267683711111,505.6331220354353,507.43101704915364,503.1596954345703,512.9784032637549,493.3409876053857,0.1452561679115702,0.17749609888077478,False
2025-09-19,508.44574170609144,517.1495391803752,508.19677696926453,515.7852172851562,52474100,0.018644946824940778,508.13130841936385,507.3627939860026,503.84136352539065,515.1460248294518,492.5367022213295,0.15437759186075534,0.19945045103098202,False
2025-09-22,513.4549348866175,515.5959951267806,510.41751650985566,512.3196411132812,20009300,-0.006719029657569653,510.0433611188616,507.1392852783203,504.20086975097655,516.1187020528392,492.28303744911386,0.1553754191812164,0.19139130787771963,False
2025-09-23,511.67229848312854,512.4590659268906,505.2091838485409,507.1212463378906,19799600,-0.010146780170470104,509.9480460030692,506.75144449869794,504.4483413696289,516.3942866422499,492.50239609700793,0.1579311280690058,0.17930252217967557,False
2025-09-24,508.26644250853604,510.35772177145367,504.82077941210207,508.0373840332031,13533700,0.0018065456770510746,509.2068394252232,506.1465789794922,504.85216064453124,516.7050769772928,492.9992443117696,0.1516253642426964,0.1814329860530548,False
2025-09-25,506.1950582100621,507.89799878212006,502.94857891661616,504.9303283691406,15786500,-0.006115801241625585,508.92088535853793,505.7251424153646,504.8666000366211,516.719139635666,493.01406043757623,0.14545984404206597,0.17420757673005416,False
2025-09-26,507.9477531769938,511.8116903059077,504.52199636524745,509.3419494628906,16213100,0.008737088754400935,509.12574550083707,505.3877939860026,504.95722045898435,516.9226624316732,492.9917784862955,0.14753956616743977,0.18446673254403478,False
2025-09-29,509.3817950243417,514.7096154882738,506.77264973451184,512.4689331054688,17617800,0.00613926193567127,510.00067138671875,505.2312347412109,505.3510803222656,517.7756382929853,492.926522351546,0.1483439434907837,0.19173848406921135,False
2025-09-30,511.11459757878936,516.0142062084105,507.54943619028296,515.8051147460938,19728200,0.006510017339799168,510.0035138811384,505.2876230875651,505.989924621582,519.2006423535857,492.77920688957835,0.14860471193121624,0.19949672226500792,False
2025-10-01,512.6680995330014,518.3544751787417,509.5709932440202,517.5578002929688,22632300,0.0033979607738821027,510.7518223353795,505.6453572591146,506.7049499511719,520.8106248120743,492.5992750902695,0.1424842121380624,0.20357256507566457,False
2025-10-02,515.4963429681408,519.4399047558908,508.56514411884206,513.6041870117188,21222900,-0.007638979219349085,511.6779567173549,506.0055236816406,507.0918365478516,521.5214156289853,492.66225746671785,0.14232499269030474,0.19437849926207296,False
2025-10-03,514.9585548343116,518.3345307125708,512.8672756929882,515.20751953125,15112300,0.0031217278987927255,512.7022617885044,506.440712483724,508.20470428466797,521.4244543619717,494.9849542073642,0.14235075768500838,0.19810702394493762,False
2025-10-06,516.4623876768178,528.8309994124726,516.0541122577388,526.3811645507812,21388600,0.02168765904212222,515.7666669573102,507.1491007486979,509.71691741943357,524.0007661823696,495.43306865649754,0.15404026995155287,0.22409116057622724,False
2025-10-07,526.1022689962125,527.6060256392368,519.2806599401652,521.8101196289062,14615200,-0.008683906700529431,517.547834123884,507.8037109375,510.99012298583983,524.7869790294991,497.19326694218057,0.15541320721630134,0.2134612671448406,False
2025-10-08,521.1130687043808,524.7678538085896,520.923853084141,522.676513671875,13363400,0.001660362669058335,519.0060599190848,508.56089477539064,512.2090530395508,525.5857144709344,498.83239160816714,0.15446178933554214,0.21547605293315608,False
2025-10-09,520.1769452354545,522.158694647609,515.2574000210162,520.2366943359375,18343600,-0.004667933745094888,519.639142717634,509.0807332356771,513.2741241455078,525.5473626897202,501.0008856012954,0.153628588607701,0.2098022912493147,False
2025-10-10,517.4881335274953,521.4118200258811,507.5195762105422,508.84405517578125,24133800,-0.02189895346520787,518.3943219866071,509.124550374349,513.326904296875,525.5095582697164,501.1442503240336,0.16665052428442498,0.18330888717114413,False
2025-10-13,514.2714771071726,514.2714771071726,509.56108387533754,511.9212646484375,14284200,0.0060474509652928,518.1539045061384,509.3688680013021,513.2616760253907,525.4605675792637,501.06278447151755,0.1665225103464084,0.1904648896431067,False
2025-10-14,508.1170420708167,513.146147202046,503.9045484424133,511.4432067871094,14684300,-0.0009338503679007237,517.6161455426898,509.6493672688802,513.4872360229492,525.3556914184187,501.6187806274797,0.166230091257921,0.18935317356794057,False
2025-10-15,512.8275263160849,515.0482722356254,507.88804423946306,511.3038330078125,14694700,-0.0002725107645331626,515.4622410365513,509.91758524576824,513.65703125,525.2841146652578,502.02994783474225,0.16624921823655686,0.18902906202531167,False
2025-10-16,510.4573477017149,514.7096236704256,506.02576365101777,509.4913330078125,15559600,-0.003544859011397894,513.702414376395,510.0384145100912,513.8143753051758,525.1050995713879,502.52365103896364,0.1660742238007216,0.18481412163997724,False
2025-10-17,506.9320087638593,513.3453119402852,505.20916197429216,511.4532165527344,19867800,0.003850671086669477,512.0990862165179,510.6551829020182,513.5977752685546,524.8955132786832,502.3000372584261,0.14712478911121793,0.1893764511212539,False
2025-10-20,512.4788764440519,516.5519656323323,511.30377036778043,514.6498413085938,14665600,0.0062500824169315905,511.30096435546875,511.27228088378905,513.7142852783203,525.0045831539987,502.42398740264184,0.14706027162774704,0.19681015196551943,False
2025-10-21,515.3569857054445,516.5420602391357,510.91543308707116,515.5162963867188,15586200,0.0016835817454483593,512.2541416713169,511.9112904866536,514.1340377807617,525.0088436459473,503.259231915576,0.14704298046882183,0.19882507969013585,False
2025-10-22,518.9918584655633,523.0549187669818,515.566101626736,518.3843383789062,18962700,0.0055634361363350315,513.1774379185268,512.5808380126953,514.6513854980469,525.2868233547833,504.01594764131056,0.14737178644478274,0.20549466645962866,False
2025-10-23,520.2964530626382,521.7802730707533,516.4623598997719,518.404296875,14023500,3.8501348547992365e-05,514.171879359654,513.229805501302,515.3250839233399,525.0344668855367,505.615700961143,0.14742154171533423,0.20554107962995483,False
2025-10-24,520.6250388201142,523.1744351060786,518.5536961256696,521.441650390625,15532400,0.00585904386582925,515.62013898577,513.684912109375,515.9300689697266,525.5773964688319,506.2827414706212,0.13973848278472145,0.21260439769756578,False
2025-10-27,529.577902779321,532.3662956890146,526.819354031342,529.3189697265625,18734700,0.015106808844357555,518.45265851702,514.2213500976562,516.7725708007813,527.966308925335,505.57883267622753,0.14295975122353793,0.23092298053741023,False
2025-10-28,547.722348424072,551.4269140414981,538.5305910090683,539.8251953125,29986700,0.019848571819303773,522.5057983398438,515.3177897135416,517.9735748291016,533.1692337302823,502.777915927921,0.14716962797556465,0.25535504372063844,False
2025-10-29,542.6832878753321,544.0077970763692,534.5072653816836,539.3073120117188,36023000,-0.0009593537042699163,526.0282941545759,516.3644358317057,519.0610504150391,536.9972921475102,501.12480868256796,0.14744329166594572,0.25415071420927116,False
2025-10-30,528.2831883129468,532.7545848667123,519.9578228356851,523.582763671875,41023100,-0.029156935182629407,527.180646623884,516.9390462239584,519.5599792480468,537.4120413640703,501.7079171320234,0.1725499907949622,0.21758352312582296,False
2025-10-31,526.6898137654194,527.1279940743384,512.9668501497666,515.6656494140625,34006400,-0.01512103683912347,526.7922624860491,516.9350606282552,519.5828857421875,537.4125947379132,501.75317674646175,0.170581713106038,0.19917239781792762,False
2025-11-03,517.657371934483,522.7860691817526,512.4590180581705,514.888916015625,22374700,-0.0015062732980567484,526.2900652204241,517.020703125,519.0082733154297,536.6552867908509,501.3612598400085,0.16944997159654543,0.19736611645532776,False
2025-11-04,509.6407695643784,513.4150529816625,505.73698923396887,512.2001342773438,20958700,-0.005222061797499733,524.9698486328125,517.1899993896484,518.5277740478516,536.3757518211562,500.6797962745471,0.16742033012223886,0.1911133966009657,False
2025-11-05,511.17434154282535,512.6980347767452,504.4821687767013,505.0597839355469,23024300,-0.013940547578869977,521.5042506626675,517.0907460530599,517.6469375610352,536.3511236064373,498.94275151563306,0.1724059588073094,0.17450862362382047,False
2025-11-06,503.5659922381216,503.6058351018555,493.75677643867937,495.04144287109375,27406500,-0.019835950877711617,515.1065717424665,516.7611165364583,516.387174987793,537.5846562155476,495.1896937600383,0.1809151009671948,0.15121112826016958,False
2025-11-07,494.89207027354036,497.31199999791255,491.2073803526309,494.7626037597656,24019800,-0.0005632641778654524,508.7430419921875,516.2751383463542,515.6831024169921,538.7853548020707,492.58085003191354,0.17874086846261572,0.1505626922704606,False
2025-11-10,497.96929153220975,504.7510881917551,496.73440583349895,503.90460205078125,26101500,0.01847754503178778,505.931876046317,515.9896606445312,515.2822692871093,538.9310596802243,491.6334788939944,0.18638076038652804,0.17182226622878294,False
2025-11-11,502.70954902224156,507.48968986721945,500.26971300797675,506.573486328125,17980000,0.00529640782497709,504.63299560546875,515.6819396972656,515.0387832641602,538.9527910702158,491.12477545810464,0.18601724917686568,0.17802871484911953,False
2025-11-12,507.2506574723947,509.5511194130969,497.05307240824305,509.0233154296875,26574900,0.0048360784124728,503.7950526646205,515.3974568684896,514.9247573852539,538.9353027274128,490.91421204309495,0.18632791968075338,0.18372575408627445,False
2025-11-13,508.1967287528611,511.3735209246628,499.2140928412288,501.205810546875,25273100,-0.015357852274828332,502.2244349888393,514.9841776529948,514.510481262207,539.1922869369982,489.8286755874158,0.1902050597518952,0.16554626882110757,False
2025-11-14,496.16679552350377,509.48142428367663,495.3800584752997,508.0672912597656,28505700,0.013689946462120961,502.6540788922991,514.7461700439453,514.3411849975586,539.157369781721,489.5250002133962,0.19448973174409634,0.18150253484039336,False
2025-11-17,506.34447416817187,509.9992593431845,502.8191251226507,505.388427734375,19092800,-0.005272654964164958,504.13221958705356,514.0464121500651,513.8781143188477,539.0136303290611,488.7425983086343,0.1832655549870509,0.17527287963489369,False
2025-11-18,493.31862192366924,500.89712400975867,484.76419755903834,491.74517822265625,33815100,-0.02699557164947486,503.70115879603793,513.0442474365234,512.6895584106445,539.6786486081987,485.7004682130903,0.19686462817930356,0.14354571640502534,False
2025-11-19,488.070453670226,493.13937183157236,480.8305400064438,485.102783203125,23245300,-0.01350779898552179,501.0151846749442,511.7917897542318,511.02548065185545,540.5236295777333,481.52733172597755,0.19937246493287766,0.12809893073707168,False
2025-11-20,491.5879641710541,492.4460215630244,474.41716428973194,477.3404846191406,26802500,-0.016001348276606597,496.8390415736607,510.36191609700523,508.9722900390625,541.8327252085963,476.11185486952866,0.20315920469268386,0.11004782685588022,False
2025-11-21,477.4103368698009,477.8293938228302,467.20362215472323,471.04486083984375,31769200,-0.01318895836861611,491.4135480608259,509.10194295247396,506.45245056152345,542.8279833042491,470.0769178187978,0.1975285632949327,0.09540745228030523,False
2025-11-24,473.9183160323131,475.8139832068258,466.9542001322548,472.92059326171875,34421000,0.003982067479795237,487.372802734375,507.8019205729167,503.6325317382813,541.2667014804384,465.9983619961241,0.19684195701002935,0.09976943867315602,False
2025-11-25,472.9904142849383,478.0588322743821,463.8313270788984,475.90374755859375,28019800,0.006307939090366643,482.7780107770647,506.6172719319662,500.43645935058595,535.9247820533136,464.94813664785823,0.19847507618733293,0.10670671730575298,False
2025-11-26,485.2025316262965,487.1979770584782,480.10418316215106,484.3943786621094,25709100,0.01784106796189966,479.7788609095982,505.7202901204427,497.6908126831055,528.7353770279329,466.64624833827804,0.20686602879186594,0.1264515470630958,False
2025-11-28,486.48962635446395,491.5081706450152,485.54177754838196,490.88958740234375,14386700,0.013408926747197292,479.65663364955356,505.10023193359376,496.05615386962893,524.7112902092322,467.4010175300257,0.21135213423776553,0.141556053341932,False
2025-12-01,487.32770213243884,488.7444513856018,483.5463243869077,485.6315612792969,23964000,-0.01071121950431042,479.73217337472096,504.23951009114586,494.5544494628906,522.0052378753392,467.10366105044204,0.21256677831005022,0.1293285958781123,False
2025-12-02,485.6116258193264,492.3761849539621,485.2125428025972,488.8841552734375,19562700,0.006697657758429676,481.3812691824777,503.380653889974,493.25421142578125,519.0640088448218,467.44441400674066,0.21271501737215684,0.13689245231011182,False
2025-12-03,475.23529714339696,483.13724409881166,474.1178525596479,476.64208984375,34615100,-0.02504083083412756,482.18087332589283,502.08484700520836,491.47630920410154,516.6827731533531,466.26984525485,0.22295954117482783,0.10842372073521789,False
2025-12-04,478.6674679630734,480.2239129901724,475.40489514051177,479.7449951171875,22318200,0.006509927133071081,483.1557878766741,500.7968688964844,490.21056976318357,515.0852395497185,465.33589997664865,0.2232741699381065,0.11563947838977162,False
2025-12-05,481.4211657314621,482.299166614698,477.78947078944657,482.0597229003906,22608700,0.004824912832363637,484.0352129255022,499.58538309733075,489.5614837646484,514.5824493004149,464.5405182288819,0.224172973733956,0.12102234162534597,False
2025-12-08,483.7858099301447,491.17890888246444,483.2769615726175,489.9018249511719,21965900,0.01626790556904023,484.8219909667969,498.5340555826823,489.3184448242188,514.220840511182,464.4160491372556,0.22944229348742265,0.1392590272196914,False
2025-12-09,487.9862027558801,490.99931449735556,487.3875630167038,490.8995361328125,14696100,0.0020365533068591457,484.8234122140067,497.25340779622394,488.66819152832034,512.6282526262324,464.7081304304083,0.22404979806444697,0.14157918895894483,False
2025-12-10,482.92772884397027,483.14722906115725,473.99809828560024,477.4701843261719,35756200,-0.027356619467261645,483.6575012207031,495.17490743001304,487.21302642822263,510.10566914975675,464.3203837066885,0.22506434143771162,0.11034944149484982,False
2025-12-11,475.5445986070271,484.92318635563356,474.7763326037194,482.3690185546875,24669200,0.010259979343901993,482.72676740373885,493.27696431477864,485.8803115844727,506.4080864019269,465.3525367670185,0.22869482238986152,0.12174160382910015,False
2025-12-12,478.72734800157895,481.3513637649093,475.2552617920193,477.4402770996094,21248100,-0.010217781958397731,482.8407941545759,491.73888142903644,484.69203491210936,504.2111135395173,465.1729562847014,0.21657800573503017,0.11027989270751104,False
2025-12-15,479.0066832317436,479.6252664455081,471.44392797474177,473.73870849609375,23727700,-0.007752945826024926,481.98275320870533,490.34131673177086,482.9756057739258,499.67337565482194,466.27783589302965,0.21402659228256138,0.10167195284762487,False
2025-12-16,470.8353364785088,476.80172935648005,469.8076832860371,475.3051452636719,20705600,0.003306541643073313,481.017813546317,489.0218577067057,481.4714416503906,494.73496422152283,468.2079190792584,0.21472001627170972,0.10531467703672148,False
2025-12-17,475.8239455574328,478.9069051052783,473.9182915104317,475.0357360839844,24527200,-0.0005668130933824678,478.8940865652902,487.7830444335938,480.635969543457,493.2645358860398,468.0074032008742,0.21464502890859935,0.10468817020546917,False
2025-12-18,477.10104539067044,488.4850656489584,476.8017407441929,482.87786865234375,28573500,0.01650851077648796,477.74813406808033,487.04364725748695,480.524723815918,493.0261716687754,468.02327596306054,0.21854847315754855,0.12292492676796485,False
2025-12-19,486.2501387748106,486.73904362092316,481.39123391446003,484.8134460449219,70836100,0.004008420178750471,478.7971714564732,486.7027140299479,480.898371887207,493.445721734933,468.35102203948105,0.21189874819360377,0.12742608170364345,False
2025-12-22,485.01298390813173,487.6170561484318,481.5908021440126,483.81573486328125,16963000,-0.0020579280335145667,479.00384521484375,486.3378184000651,481.5369155883789,493.24463242780956,469.8291987489483,0.2119402141578473,0.12510591996439002,False
2025-12-23,483.8755963136496,486.71908182827985,483.63612214595605,485.7413330078125,14683600,0.003980023810253641,480.18971034458707,485.7323760986328,482.1779525756836,493.28795808595225,471.06794706541496,0.20460347743810636,0.12958386831490554,False
2025-12-24,484.5739628623746,488.04604888584674,483.7258924615979,486.90863037109375,5855900,0.0024031254578502637,482.07112775530135,485.0768809000651,482.7281967163086,493.6177025105475,471.83869092206976,0.20398320236022285,0.13229840006562998,False
2025-12-26,485.601642461088,487.00843522519267,484.85335038112265,486.599365234375,8842200,-0.000635160515604416,483.68458775111606,484.3294158935547,482.83844604492185,493.84301957483666,471.83387251500704,0.20318212242525588,0.13157920883002627,False
2025-12-29,483.7558335295542,487.23790659993216,483.0773893732932,485.9907531738281,10893400,-0.001250745693541444,485.2495901925223,483.82224731445314,482.59350433349607,493.047858928295,472.13914973869714,0.19884099074351647,0.130163891007681,False
2025-12-30,484.82341501264875,488.56487537463653,484.39440153201394,486.3699035644531,13944500,0.0007801596803003186,485.74845232282365,483.0990010579427,482.6304214477539,493.1350410946638,472.12580180084404,0.19404347255269314,0.13104559930757653,False
2025-12-31,486.7290680267604,487.0284031238816,482.1993981667827,482.5186767578125,15601600,-0.007918308222643278,485.4206281389509,482.3366760253906,482.31214752197263,492.39627517963606,472.2280198643092,0.19465507355138673,0.12208963163839481,False
2026-01-02,483.2869444224563,483.5563186075122,469.0893385249197,471.8630065917969,25571600,-0.022083435687120456,483.71309552873885,481.67393697102864,482.073193359375,492.92064036140806,471.22574635734196,0.18951019502992406,0.09731003742292366,False
2026-01-05,472.98042932285466,474.9858617296903,468.4308161640092,471.773193359375,25250300,-0.0001903375156925291,481.71764700753346,481.2296173095703,481.6746032714844,493.4301015816896,469.9191049612792,0.18595618284043794,0.09710117815645614,False
2026-01-06,472.72102257015473,477.64977534720424,468.68025764779384,477.4203186035156,23037700,0.011970000253572977,480.3621738978795,481.23227844238284,481.4426330566406,493.3482724525601,469.5369936607211,0.1838261862060685,0.11023347953718421,False
2026-01-07,478.6674756822987,488.5848422406915,476.86159994291296,482.3690185546875,25564200,0.010365499243197629,479.7578386579241,481.60975036621096,481.0659927368164,492.30266473658264,469.8293207370501,0.1817264219280761,0.12174160382909949,False
2026-01-08,480.14408679814625,481.5608665012806,474.7763335277468,477.0212097167969,18162600,-0.011086551233978836,478.47647530691967,481.74643758138023,480.3720764160156,490.73171048287844,470.01244234915276,0.18469742032862552,0.10930535806696251,False
2026-01-09,472.9804540365218,478.72734693664125,471.1247042989064,478.1885681152344,18491000,0.0024471834263524173,477.3077130998884,481.8225982666016,480.4079956054687,490.7301793047872,470.08581190615024,0.18395331983906602,0.11202003175398789,False
2026-01-12,475.5845048686955,479.89464390147504,474.59673866594744,476.09332275390625,23519900,-0.00438162996992264,476.38980538504467,481.5458964029948,480.0942108154297,490.54612663529343,469.6422949955659,0.17658858305710837,0.1071475714557002,False
2026-01-13,473.5990225282599,474.6965236309785,464.888922501957,469.5981750488281,28545800,-0.013642593572847694,476.0662580217634,480.8361826578776,479.7021057128906,491.1172439523033,468.28696747347794,0.17545363547762385,0.09204320711316472,False
2026-01-14,465.39775666549855,467.13381499707015,456.1289340170423,458.3338928222656,28184300,-0.023987065591537404,474.14635794503346,479.92626037597654,478.9318649291992,493.64400498137036,464.21972487702806,0.18549594200738376,0.06584829507534828,False
2026-01-15,463.0630900555096,463.1927988881192,454.8618076165624,455.6200866699219,23225800,-0.005921024377300688,471.0320390973772,478.8174580891927,477.9476119995117,495.9478131202024,459.947410878821,0.18403679087365243,0.0595373813377027,False
2026-01-16,456.78739866953146,462.13520850615447,455.4404972994736,458.8127746582031,34246700,0.007007346870100184,467.6668613978795,478.2231475830078,477.13646392822267,497.0496341095772,457.22329374686814,0.17268535473846458,0.06696192729057349,False
2026-01-20,450.1924514863621,455.7597309230742,448.2568669541529,453.48492431640625,26130000,-0.011612253703628728,464.3045349121094,477.3478118896484,475.6668167114258,497.9887317663027,453.34490165654887,0.17362816878462592,0.054572094698762674,False
2026-01-21,451.56931960591265,451.65911099901973,437.68100562513575,443.0986328125,37980500,-0.022903278470751354,459.29168701171875,476.0491088867187,473.58107604980466,499.76581237427837,447.39633972533096,0.18276932562936116,0.030418936346393366,False
2026-01-22,446.600636936346,451.8087507279656,443.6873036586902,450.1126403808594,25349400,0.015829449808587803,455.58016095842635,474.722802734375,471.8959213256836,499.601198347827,444.19064430354024,0.18237706539038032,0.04672990118110709,False
2026-01-23,450.8409629929935,470.0271819611143,449.50401819491054,464.888916015625,38000200,0.032827950848620446,454.90740966796875,473.8557820638021,470.8533004760742,497.92699256071745,443.77960839143094,0.20926023795215973,0.08109189892886182,False
2026-01-26,464.25036221183507,473.1700058760031,460.94790240319116,469.20904541015625,29291200,0.009292820813103786,456.4610028948103,473.5804107666016,469.9683212280273,495.9680945306474,443.9685479254072,0.1968483437241707,0.09113829222810588,False
2026-01-27,472.62128861771004,481.7703893732875,472.0825097961169,479.485595703125,29213900,0.02190185886971885,459.870361328125,473.4842966715495,469.61263275146484,494.837518579123,444.3877469238067,0.20510066651023892,0.11503624911183197,False
2026-01-28,482.10959164059926,482.63838346935967,476.9114647448887,480.533203125,36875400,0.0021848569201308177,462.97327968052457,473.58739420572914,469.3397552490234,493.9287018240256,444.75080867402124,0.2029327378670157,0.11747244377690058,False
2026-01-29,438.98802836564175,441.49232224197124,420.06122635013605,432.5128173828125,128855300,-0.09993146244609463,459.9772644042969,472.21319783528645,466.6469009399414,494.90546465090716,438.3883372289757,0.35418480343438874,0.0058017882270635646,True
2026-01-30,438.1699022937122,438.5989157576861,425.47886802078926,429.31011962890625,58566800,-0.007404862064634643,458.0074768066406,470.6800303141276,463.9864730834961,495.75424872171214,432.21869744528004,0.35394614147632375,-0.0016460352791206612,False
2026-02-02,429.2602343395754,429.7590957240154,421.28843915961005,422.4058837890625,42219900,-0.01608216420757036,454.0493687220982,468.9257019042969,461.51361694335935,498.0426687670903,424.9845651196284,0.35581922782395514,-0.0177017276770407,False
2026-02-03,421.0489834358989,421.0888704228976,407.6296003977664,410.2735595703125,61424100,-0.028721958392058156,446.24717494419644,466.50555826822915,458.4386352539062,501.16035302063835,415.7169174871741,0.3576922941711644,-0.04591525778329131,False
2026-02-04,410.0640575889883,418.84400576689177,408.3080557741746,413.2467956542969,45012400,0.00724696002125591,438.25256783621654,464.12000325520836,455.22995910644534,501.44575855503393,409.01415965785674,0.35853581677937135,-0.0390010437995566,False
2026-02-05,406.51216038211834,407.37018733348754,391.4265972483441,392.7735290527344,66289200,-0.04954246909318927,425.86512974330356,461.08526306152345,450.7501846313477,502.88045684293394,398.6199124197614,0.38081080873290074,-0.08661130488570423,True
2026-02-06,398.2609865133262,400.87501513504304,392.0252195920243,400.22650146484375,53515300,0.018975241101618856,414.3927437918527,458.2347686767578,446.91044921875,502.11540613758723,391.70549229991275,0.3868747622020248,-0.06927953417641741,False
2026-02-09,403.9280678877113,413.94521298339265,399.9571203178888,412.65814208984375,45480500,0.03106151286708836,411.55636160714283,455.75975240071614,443.6339279174805,498.8010949457573,388.46676088920367,0.4010283855251845,-0.04036994845157571,False
2026-02-10,418.66440278178237,422.7151545880433,411.76017861216997,412.328857421875,44857900,-0.0007979599440377516,409.1304670061384,453.28406880696616,440.4457046508789,495.0819703855322,385.8094389162256,0.40101262985436187,-0.04113569479380619,False
2026-02-11,415.2322299614449,415.51159110220135,400.096793508188,403.4491271972656,42491000,-0.02153555363583015,406.42235892159596,450.5326812744141,437.1382522583008,492.3496596802339,381.92684483636765,0.40358436188067,-0.061785368468057156,False
2026-02-12,404.07770370563327,405.2749831551046,397.1036315998776,400.9248962402344,40802400,-0.006256627631262779,405.0868355887277,447.68451436360675,434.2678024291992,490.7931297769744,377.742475081424,0.40309305052363226,-0.06765542805575497,False
2026-02-13,403.528974460687,404.61648859375555,397.1435245648219,400.4060974121094,34091600,-0.001294005019369382,403.252450125558,444.9474283854167,431.5071029663086,489.02607154428404,373.98813438833315,0.4032900325208632,-0.06886188661163262,False
2026-02-17,398.31087932693146,399.60790672873594,393.6315571718042,395.95623779296875,32078800,-0.011113366274641656,403.7071228027344,442.4172027587891,428.36427612304686,486.46721180663843,370.2613404394553,0.40070393631098655,-0.0792099655179963,False
2026-02-18,397.2233488345012,401.6432531481791,395.41747315874426,398.69000244140625,23223400,0.006904209070364153,403.4876229422433,439.98109639485676,425.62453002929686,483.9072516202109,367.3418084383828,0.40204766029329775,-0.07285263861002478,False
2026-02-19,400.69000244140625,404.42999267578125,396.6700134277344,398.4599914550781,28234000,-0.0005769168650320289,401.45931570870533,437.3490854899089,423.3925979614258,482.2735603819952,364.5116355408564,0.3990045953819808,-0.0733875255591806,False
2026-02-20,396.1099853515625,400.1199951171875,395.1600036621094,397.2300109863281,34015200,-0.0030868355547025716,399.3023376464844,434.51111857096356,420.7484664916992,479.32596964547184,362.1709633379266,0.39619535397283884,-0.07624782589071544,False
2026-02-23,395.0,395.3599853515625,383.1000061035156,384.4700012207031,43238300,-0.032122471647954565,396.5910339355469,431.4260782877604,416.72752075195314,473.56186188128237,359.8931796226239,0.4031082492277609,-0.10592102891327737,False
2026-02-24,384.1400146484375,389.3599853515625,381.7099914550781,389.0,33884700,0.01178245055508631,394.8874773297991,428.4531260172526,412.7170684814453,465.1043037757189,360.32983318717174,0.40587589774263744,-0.09538658764410557,False
2026-02-25,390.5299987792969,401.4700012207031,390.1600036621094,400.6000061035156,43625500,0.029820067104153303,394.91517857142856,425.9366821289062,408.77278900146484,450.8595331689404,366.6860448339893,0.4193306422764692,-0.06841095498433569,False
2026-02-26,404.7099914550781,407.489990234375,398.739990234375,401.7200012207031,34405900,0.002795794059219592,395.7385733468192,423.6740763346354,404.83212890625,429.9769950978411,379.68726271465886,0.4192259023231509,-0.06580642386664681,False
2026-02-27,390.8800048828125,396.82000732421875,389.8800048828125,392.739990234375,51367200,-0.022353905603506474,394.8885716029576,421.48761291503905,402.84348754882814,424.868166621327,380.81880847632925,0.4186040652080714,-0.08668929888293397,False
2026-03-02,392.8599853515625,401.19000244140625,390.6300048828125,398.54998779296875,35474900,0.014793496213936663,394.90142822265625,419.5852762858073,401.30548095703125,419.51365182464093,383.09731008942157,0.4224046361136024,-0.07317824048381083,False
2026-03-03,393.1400146484375,406.70001220703125,392.6700134277344,403.92999267578125,38199200,0.013498946299321357,395.8585684640067,417.75585021972654,400.3816864013672,415.73298461220395,385.0303881905304,0.42430231529166695,-0.060667123323059235,False
2026-03-04,401.2699890136719,411.0299987792969,400.30999755859375,405.20001220703125,35808000,0.0031441575378865494,398.8199986049107,416.14635314941404,400.1280090332031,414.9495883171735,385.30642974923273,0.42412116082515133,-0.057713712778270754,False
2026-03-05,404.4200134277344,411.6099853515625,404.3999938964844,410.67999267578125,39001300,0.013524136978431578,401.9171404157366,415.06573181152345,399.99966888427736,414.3808600489404,385.6184777196143,0.4226948122137867,-0.04497010395698642,False
2026-03-06,409.20001220703125,413.04998779296875,408.510009765625,408.9599914550781,31123900,-0.004188178755669236,403.1114240373884,413.6939768473307,400.80899200439455,415.2993433291605,386.31864067962863,0.41925334872834313,-0.04896993987862275,False
2026-03-09,404.9200134277344,410.2099914550781,403.5,409.4100036621094,30131900,0.0011003819846291396,404.20999581473217,411.8446797688802,401.26816711425784,416.2543369340692,386.28199729444646,0.4056608345204485,-0.04792344353362443,False
2026-03-10,410.0299987792969,410.20001220703125,402.92999267578125,405.760009765625,31706400,-0.008915253325116002,406.0699986049107,409.7297119140625,400.9232604980469,415.10142025434004,386.74510074175373,0.4039443073884751,-0.05641144721942626,False
2026-03-11,405.57000732421875,409.010009765625,401.5899963378906,404.8800048828125,25512100,-0.002168781697636457,406.9742867606027,407.24285888671875,400.5508178710937,413.83032270956534,387.2713130326221,0.396220342503582,-0.05845788480279601,False
2026-03-12,404.6300048828125,406.1199951171875,401.7099914550781,401.8599853515625,27263900,-0.007459048347235875,406.67857142857144,404.62041829427085,400.4713607788086,413.69675410128656,387.2459674563307,0.3956208414847459,-0.06548089296101067,False
2026-03-13,401.0,404.79998779296875,394.25,395.54998779296875,26848000,-0.015701980263283843,405.2999965122768,403.38832397460936,400.20261535644534,413.6064413707068,386.79878934218385,0.27940567398498983,-0.0801546935353985,False
2026-03-16,398.07000732421875,400.6300048828125,394.7900085449219,399.95001220703125,27733700,0.011123813803188609,403.7671421595982,402.40965372721354,400.17981109619143,413.5837313700769,386.77589082230594,0.2819144511174723,-0.06992250561854929,False
2026-03-17,400.2699890136719,404.3999938964844,397.75,399.4100036621094,26228300,-0.001350190094862036,402.4028581891741,401.64312438964845,400.3524993896484,413.61556032848904,387.0894384508078,0.27882933005176724,-0.07117828703891727,False
2026-03-18,397.1300048828125,398.0,391.0,391.7900085449219,25908500,-0.019078127856892224,399.8857160295759,401.0270060221354,400.0074996948242,413.8010037994052,386.21399559024326,0.27203009866208006,-0.0888984664350464,False
2026-03-19,390.1000061035156,392.489990234375,387.05999755859375,389.0199890136719,25138800,-0.007070163788856276,397.4942844935826,400.2194458007813,399.5354995727539,414.17224867583684,384.898750469671,0.27124261961929275,-0.09534010350562871,False
2026-03-20,386.7900085449219,387.0,380.1199951171875,381.8699951171875,50853200,-0.018379502592174246,394.20714024135043,399.8559946695963,398.7674987792969,415.39070248045743,382.14429507813634,0.23645476852799086,-0.11196730241828312,False
2026-03-23,383.8999938964844,387.2099914550781,381.67999267578125,383.0,29680100,0.002959135038786531,391.51285661969865,399.2817779541016,398.6939987182617,415.59407232300026,381.79392511352313,0.22924352465977063,-0.10933949374728091,False
2026-03-24,382.3599853515625,382.4700012207031,371.8500061035156,372.739990234375,42733600,-0.02678853724706265,388.25428553989957,397.9511728922526,397.8809982299805,418.00208884926326,377.7599076106977,0.21923311809559096,-0.13319898589351953,False
2026-03-25,376.9200134277344,377.05999755859375,369.6300048828125,371.0400085449219,31181200,-0.004560770869753483,384.12428501674106,396.5748779296875,396.40299835205076,419.76483370394783,373.0411630001537,0.2191322168544397,-0.1371522667085291,False
2026-03-26,370.82000732421875,374.7200012207031,365.19000244140625,365.9700012207031,36836600,-0.013664314379738696,379.3471418108259,395.32557373046876,394.6154983520508,421.4735132772666,367.757483426835,0.21461827206112227,-0.14894248939806864,False
2026-03-27,361.8999938964844,362.45001220703125,356.510009765625,356.7699890136719,37883400,-0.02513870584021738,374.3442818777902,393.85374348958334,392.81699829101564,424.57430025839835,361.0596963236329,0.22377074639537536,-0.1703369738101983,False
2026-03-30,361.8999938964844,365.3599853515625,356.2799987792969,358.9599914550781,44797000,0.0061384155305796995,370.0499965122768,392.472206624349,390.8374984741211,425.8579765042627,355.8170204439795,0.225519833414038,-0.16524415740508702,False
2026-03-31,364.54998779296875,372.8999938964844,363.07000732421875,370.1700134277344,45244400,0.031229168262500107,368.3785705566406,391.6126658121745,389.1494995117188,424.76234657481905,353.5366524486185,0.24565155589486207,-0.1391754267385854,False
2026-04-01,373.489990234375,373.989990234375,368.20001220703125,369.3699951171875,29417200,-0.0021612185793732364,366.4314270019531,390.6353322347005,387.3579986572266,423.17544806770206,351.5405492467511,0.24415619628966276,-0.14103585679989905,False
2026-04-02,367.2099914550781,373.6400146484375,364.1499938964844,373.4599914550781,24099100,0.011072898156205158,366.53428431919644,389.8019989013672,385.4969985961914,420.05800115669183,350.935996035691,0.247239080136987,-0.13152463432241235,False
2026-04-06,373.489990234375,373.7300109863281,369.5,372.8800048828125,16146600,-0.0015530085833448393,366.7971409388951,388.99033203125,383.6929992675781,416.8347585524325,350.5512399827237,0.24722262034196812,-0.13287338401973314,False
2026-04-07,370.3399963378906,372.45001220703125,366.55999755859375,372.2900085449219,21443300,-0.0015822686391459007,367.6999991280692,388.58433227539064,381.8369995117188,413.0141036980654,350.65989532537213,0.23013015481086924,-0.13424541127036738,False
2026-04-08,384.9800109863281,385.0,371.4100036621094,374.3299865722656,33064800,0.005479540091115842,370.2085702078683,388.0953318277995,380.26549835205077,409.4715131494312,351.05948355467035,0.22780819184830647,-0.1295014742923558,False
2026-04-09,372.5,373.5,367.04998779296875,373.07000732421875,30435300,-0.0033659586280663234,372.2242867606027,387.1776652018229,378.6749984741211,405.6135876560387,351.73640929220346,0.20800876356487893,-0.1324315363156805,False
2026-04-10,372.9800109863281,375.6400146484375,370.0299987792969,370.8699951171875,28111100,-0.005897049250381925,372.3242841448103,386.1493316650391,377.12549896240233,401.92945248827937,352.3215454365253,0.20768837073983665,-0.1375476302741051,False
2026-04-13,373.6099853515625,384.5400085449219,371.0199890136719,384.3699951171875,35745800,0.036400895671633515,374.4671412876674,385.8703318277995,376.5664993286133,400.0931599009059,353.0398387563207,0.22789881177008076,-0.10615359154195969,False
2026-04-14,387.9200134277344,394.69000244140625,386.5199890136719,393.1099853515625,37504500,0.022738482049594833,377.2742832728795,385.6889984130859,376.22449798583983,398.484690475127,353.96430549655264,0.2336582492778878,-0.08582888102814168,False
2026-04-15,398.0,414.3699951171875,396.7300109863281,411.2200012207031,45063400,0.04606857252161789,382.75142560686385,385.93199869791664,376.8149978637695,402.0875982838453,351.54239744369374,0.2671102632323484,-0.043714322536618,True
2026-04-16,419.8599853515625,420.82000732421875,412.1400146484375,420.260009765625,41642400,0.0219833872819577,389.60428292410717,386.4339986165365,378.2384979248047,409.548616157338,346.92837969227133,0.27407845783685414,-0.02269192413675114,False
2026-04-17,424.82000732421875,431.5799865722656,420.69000244140625,422.7900085449219,48568200,0.0060200797613549906,396.5271432059152,386.83766581217446,379.9269989013672,416.8283253080521,343.0256724946823,0.27203971025011814,-0.016808451568637972,False
2026-04-20,421.1499938964844,423.3299865722656,416.29998779296875,418.07000732421875,27582200,-0.011163937475598185,402.9557146344866,387.1413330078125,381.73699951171875,422.3991616549769,341.0748373684606,0.2739646753944339,-0.027784740541862307,False
2026-04-21,420.239990234375,427.17999267578125,417.20001220703125,424.1600036621094,32048500,0.014566929536200313,410.5685729980469,387.63299967447915,383.79499969482424,428.67404910102357,338.9159502886249,0.276825214666906,-0.01362254936331686,False
2026-04-22,426.19000244140625,433.70001220703125,423.6700134277344,432.9200134277344,29378200,0.02065260677572822,417.50428989955356,388.5383331298828,386.8040008544922,436.385587185306,337.22241452367837,0.2805588423457929,0.006748716257127807,False
2026-04-23,419.8900146484375,423.6600036621094,411.4100036621094,415.75,38308000,-0.03966093711350327,420.7385777064732,388.9006663004557,389.0395004272461,439.64947101933944,338.4295298351527,0.3056799564685944,-0.03317988126744631,False
2026-04-24,416.9700012207031,424.95001220703125,415.79998779296875,424.6199951171875,27457400,0.021334925116506254,422.6528625488281,389.6593332926432,391.9720001220703,443.73722326894466,340.20677697519596,0.3100653935002711,-0.012552846433155573,False
2026-04-27,422.3800048828125,427.1099853515625,417.07000732421875,424.82000732421875,30867300,0.00047103812663373823,423.3042907714844,390.63500061035154,395.37450103759767,446.3369264050664,344.41207567012896,0.30554213542786585,-0.0120877211757896,False
2026-04-28,424.57000732421875,429.9200134277344,421.8999938964844,429.25,30438100,0.01042792853303709,424.2271466936384,391.6116668701172,398.8890014648438,448.96483964232993,348.8131632873576,0.3053792783021323,-0.0017858425353008966,False
2026-04-29,424.5799865722656,426.82000732421875,420.2900085449219,424.4599914550781,38288300,-0.011159018159398681,425.14000156947543,392.44666646321616,401.60350036621094,451.0057709790376,352.20122975338427,0.30777825678051324,-0.012924932445418369,False
2026-04-30,410.80999755859375,414.4200134277344,398.010009765625,407.7799987792969,70909400,-0.039296972651300055,422.8000008719308,392.9796661376953,403.5240005493164,450.58087425948685,356.4671268391459,0.3250262384736107,-0.05171399437989088,False
2026-05-01,412.79998779296875,417.1099853515625,410.44000244140625,414.44000244140625,31372400,0.016332345093055922,420.15999930245533,393.8269999186198,405.5730010986328,450.64488722571144,360.50111497155416,0.32671387841562055,-0.03622626008918772,False
2026-05-04,411.5400085449219,420.7799987792969,410.79998779296875,413.6199951171875,28066500,-0.001978591157678289,419.855712890625,394.8853332519531,407.61000061035156,450.06726243160034,365.1527387891028,0.32109542164799565,-0.03813317428897778,False
2026-05-05,415.32000732421875,416.7799072265625,408.79998779296875,411.3800048828125,23160604,-0.005415575312649912,417.9642857142857,395.8313334147135,409.5645004272461,448.64000180727595,370.4889990472163,0.32198989304509973,-0.043342236524355315,False
